timestamp,joint1,joint2,joint3,joint4,joint5,joint6,joint7
0.000000,0.000000,0.000000,0.000000,0.000000,0.000000,0.000000,0.000000
0.010000,0.001657,-0.172187,-0.077448,-2.360507,-0.025583,2.132857,0.760978
0.020000,0.001659,-0.172183,-0.077446,-2.360507,-0.025583,2.132860,0.760977
0.030000,0.001657,-0.172187,-0.077444,-2.360508,-0.025583,2.132858,0.760972
0.040000,0.001655,-0.172183,-0.077450,-2.360507,-0.025584,2.132857,0.760980
0.050000,0.001658,-0.172189,-0.077450,-2.360505,-0.025583,2.132859,0.760975
0.060000,0.001660,-0.172182,-0.077448,-2.360507,-0.025582,2.132859,0.760975
0.070000,0.001658,-0.172183,-0.077446,-2.360505,-0.025582,2.132858,0.760976
0.080000,0.001655,-0.172185,-0.077446,-2.360507,-0.025583,2.132857,0.760974
0.090000,0.001658,-0.172187,-0.077448,-2.360505,-0.025583,2.132858,0.760977
0.100000,0.001653,-0.172183,-0.077445,-2.360508,-0.025583,2.132859,0.760980
0.110000,0.001655,-0.172185,-0.077446,-2.360510,-0.025584,2.132858,0.760976
0.120000,0.001655,-0.172183,-0.077448,-2.360508,-0.025583,2.132859,0.760980
0.130000,0.001658,-0.172183,-0.077447,-2.360507,-0.025583,2.132858,0.760981
0.140000,0.001658,-0.172182,-0.077445,-2.360507,-0.025583,2.132859,0.760972
0.150000,0.001657,-0.172185,-0.077445,-2.360501,-0.025583,2.132857,0.760976
0.160000,0.001662,-0.172189,-0.077445,-2.360507,-0.025583,2.132858,0.760976
0.170000,0.001659,-0.172182,-0.077444,-2.360508,-0.025583,2.132857,0.760974
0.180000,0.001657,-0.172185,-0.077443,-2.360508,-0.025582,2.132858,0.760980
0.190000,0.001658,-0.172185,-0.077445,-2.360510,-0.025583,2.132859,0.760976
0.200000,0.001658,-0.172185,-0.077444,-2.360505,-0.025583,2.132858,0.760977
0.210000,0.001655,-0.172183,-0.077446,-2.360505,-0.025582,2.132859,0.760973
0.220000,0.001653,-0.172183,-0.077446,-2.360503,-0.025583,2.132860,0.760975
0.230000,0.001657,-0.172187,-0.077450,-2.360505,-0.025583,2.132857,0.760978
0.240000,0.001657,-0.172185,-0.077450,-2.360507,-0.025583,2.132857,0.760977
0.250000,0.001653,-0.172183,-0.077446,-2.360507,-0.025583,2.132859,0.760978
0.260000,0.001653,-0.172183,-0.077452,-2.360507,-0.025582,2.132859,0.760977
0.270000,0.001657,-0.172187,-0.077448,-2.360508,-0.025583,2.132860,0.760978
0.280000,0.001653,-0.172183,-0.077446,-2.360507,-0.025583,2.132857,0.760974
0.290000,0.001655,-0.172187,-0.077446,-2.360510,-0.025582,2.132859,0.760978
0.300000,0.001658,-0.172182,-0.077448,-2.360505,-0.025583,2.132857,0.760979
0.310000,0.001658,-0.172185,-0.077445,-2.360505,-0.025583,2.132859,0.760973
0.320000,0.001660,-0.172185,-0.077446,-2.360505,-0.025583,2.132857,0.760974
0.330000,0.001658,-0.172183,-0.077442,-2.360508,-0.025582,2.132857,0.760976
0.340000,0.001659,-0.172187,-0.077444,-2.360508,-0.025582,2.132857,0.760977
0.350000,0.001660,-0.172185,-0.077446,-2.360508,-0.025583,2.132857,0.760976
0.360000,0.001660,-0.172183,-0.077446,-2.360510,-0.025583,2.132858,0.760980
0.370000,0.001658,-0.172187,-0.077440,-2.360508,-0.025582,2.132859,0.760979
0.380000,0.001657,-0.172183,-0.077448,-2.360508,-0.025583,2.132860,0.760982
0.390000,0.001655,-0.172183,-0.077446,-2.360507,-0.025583,2.132859,0.760976
0.400000,0.001653,-0.172185,-0.077446,-2.360505,-0.025582,2.132858,0.760977
0.410000,0.001653,-0.172183,-0.077445,-2.360507,-0.025583,2.132858,0.760975
0.420000,0.001657,-0.172183,-0.077448,-2.360505,-0.025583,2.132859,0.760974
0.430000,0.001655,-0.172187,-0.077445,-2.360505,-0.025583,2.132860,0.760978
0.440000,0.001655,-0.172183,-0.077446,-2.360505,-0.025583,2.132859,0.760980
0.450000,0.001653,-0.172185,-0.077445,-2.360508,-0.025583,2.132857,0.760979
0.460000,0.001655,-0.172183,-0.077446,-2.360507,-0.025583,2.132859,0.760976
0.470000,0.001660,-0.172182,-0.077445,-2.360503,-0.025583,2.132860,0.760979
0.480000,0.001657,-0.172182,-0.077446,-2.360508,-0.025583,2.132859,0.760975
0.490000,0.001657,-0.172185,-0.077445,-2.360505,-0.025583,2.132857,0.760981
0.500000,0.001662,-0.172183,-0.077442,-2.360507,-0.025583,2.132857,0.760975
0.510000,0.001657,-0.172183,-0.077442,-2.360507,-0.025583,2.132857,0.760979
0.520000,0.001658,-0.172185,-0.077443,-2.360507,-0.025582,2.132860,0.760974
0.530000,0.001655,-0.172183,-0.077448,-2.360503,-0.025583,2.132860,0.760977
0.540000,0.001657,-0.172185,-0.077440,-2.360508,-0.025582,2.132859,0.760977
0.550000,0.001657,-0.172183,-0.077445,-2.360507,-0.025582,2.132859,0.760978
0.560000,0.001660,-0.172185,-0.077448,-2.360505,-0.025582,2.132858,0.760976
0.570000,0.001658,-0.172189,-0.077447,-2.360507,-0.025583,2.132858,0.760972
0.580000,0.001658,-0.172183,-0.077448,-2.360505,-0.025582,2.132858,0.760976
0.590000,0.001655,-0.172185,-0.077446,-2.360507,-0.025582,2.132858,0.760973
0.600000,0.001658,-0.172183,-0.077448,-2.360505,-0.025583,2.132857,0.760969
0.610000,0.001658,-0.172185,-0.077450,-2.360507,-0.025582,2.132859,0.760978
0.620000,0.001657,-0.172183,-0.077446,-2.360507,-0.025582,2.132859,0.760975
0.630000,0.001653,-0.172187,-0.077448,-2.360503,-0.025583,2.132857,0.760979
0.640000,0.001660,-0.172185,-0.077446,-2.360507,-0.025583,2.132858,0.760974
0.650000,0.001658,-0.172183,-0.077446,-2.360505,-0.025583,2.132858,0.760979
0.660000,0.001662,-0.172185,-0.077445,-2.360505,-0.025583,2.132860,0.760980
0.670000,0.001658,-0.172183,-0.077446,-2.360505,-0.025583,2.132857,0.760978
0.680000,0.001658,-0.172183,-0.077445,-2.360507,-0.025583,2.132858,0.760982
0.690000,0.001657,-0.172183,-0.077445,-2.360503,-0.025583,2.132858,0.760980
0.700000,0.001660,-0.172187,-0.077441,-2.360505,-0.025583,2.132859,0.760980
0.710000,0.001660,-0.172183,-0.077445,-2.360508,-0.025583,2.132858,0.760975
0.720000,0.001658,-0.172187,-0.077443,-2.360507,-0.025582,2.132858,0.760978
0.730000,0.001662,-0.172182,-0.077445,-2.360508,-0.025584,2.132858,0.760977
0.740000,0.001657,-0.172182,-0.077443,-2.360507,-0.025583,2.132857,0.760976
0.750000,0.001658,-0.172183,-0.077448,-2.360507,-0.025583,2.132858,0.760977
0.760000,0.001658,-0.172185,-0.077448,-2.360507,-0.025582,2.132857,0.760978
0.770000,0.001657,-0.172185,-0.077446,-2.360505,-0.025584,2.132857,0.760977
0.780000,0.001657,-0.172183,-0.077446,-2.360507,-0.025582,2.132858,0.760976
0.790000,0.001655,-0.172185,-0.077448,-2.360508,-0.025584,2.132859,0.760980
0.800000,0.001653,-0.172187,-0.077446,-2.360504,-0.025583,2.132857,0.760973
0.810000,0.001657,-0.172185,-0.077446,-2.360506,-0.025583,2.132857,0.760980
0.820000,0.001657,-0.172183,-0.077445,-2.360508,-0.025583,2.132858,0.760976
0.830000,0.001657,-0.172187,-0.077446,-2.360505,-0.025583,2.132857,0.760977
0.840000,0.001657,-0.172182,-0.077445,-2.360503,-0.025583,2.132858,0.760980
0.850000,0.001658,-0.172185,-0.077445,-2.360510,-0.025583,2.132858,0.760974
0.860000,0.001655,-0.172185,-0.077445,-2.360507,-0.025582,2.132858,0.760978
0.870000,0.001658,-0.172185,-0.077445,-2.360503,-0.025583,2.132858,0.760978
0.880000,0.001660,-0.172183,-0.077444,-2.360507,-0.025583,2.132858,0.760975
0.890000,0.001658,-0.172187,-0.077446,-2.360505,-0.025582,2.132857,0.760978
0.900000,0.001658,-0.172187,-0.077444,-2.360507,-0.025583,2.132858,0.760975
0.910000,0.001655,-0.172183,-0.077445,-2.360505,-0.025582,2.132859,0.760978
0.920000,0.001657,-0.172185,-0.077446,-2.360507,-0.025583,2.132857,0.760980
0.930000,0.001657,-0.172182,-0.077445,-2.360508,-0.025582,2.132858,0.760976
0.940000,0.001658,-0.172183,-0.077446,-2.360507,-0.025583,2.132858,0.760979
0.950000,0.001655,-0.172183,-0.077443,-2.360508,-0.025582,2.132858,0.760978
0.960000,0.001657,-0.172187,-0.077448,-2.360503,-0.025584,2.132859,0.760978
0.970000,0.001657,-0.172183,-0.077448,-2.360508,-0.025584,2.132859,0.760980
0.980000,0.001655,-0.172187,-0.077448,-2.360508,-0.025583,2.132858,0.760975
0.990000,0.001657,-0.172183,-0.077445,-2.360507,-0.025582,2.132858,0.760982
1.000000,0.001655,-0.172183,-0.077445,-2.360507,-0.025584,2.132858,0.760974
1.010000,0.001653,-0.172183,-0.077445,-2.360507,-0.025583,2.132859,0.760976
1.020000,0.001657,-0.172180,-0.077445,-2.360505,-0.025583,2.132859,0.760975
1.030000,0.001657,-0.172182,-0.077445,-2.360507,-0.025584,2.132857,0.760976
1.040000,0.001658,-0.172185,-0.077446,-2.360505,-0.025583,2.132857,0.760975
1.050000,0.001660,-0.172182,-0.077445,-2.360508,-0.025583,2.132858,0.760980
1.060000,0.001653,-0.172183,-0.077445,-2.360505,-0.025582,2.132858,0.760975
1.070000,0.001655,-0.172185,-0.077445,-2.360506,-0.025582,2.132858,0.760976
1.080000,0.001660,-0.172185,-0.077448,-2.360507,-0.025582,2.132857,0.760972
1.090000,0.001658,-0.172182,-0.077446,-2.360505,-0.025583,2.132857,0.760974
1.100000,0.001659,-0.172183,-0.077446,-2.360507,-0.025582,2.132858,0.760980
1.110000,0.001659,-0.172185,-0.077445,-2.360508,-0.025584,2.132857,0.760982
1.120000,0.001658,-0.172183,-0.077448,-2.360507,-0.025583,2.132857,0.760980
1.130000,0.001657,-0.172185,-0.077446,-2.360507,-0.025582,2.132859,0.760976
1.140000,0.001658,-0.172185,-0.077448,-2.360510,-0.025583,2.132859,0.760977
1.150000,0.001655,-0.172182,-0.077446,-2.360507,-0.025584,2.132858,0.760979
1.160000,0.001655,-0.172185,-0.077450,-2.360507,-0.025583,2.132857,0.760973
1.170000,0.001658,-0.172185,-0.077448,-2.360505,-0.025582,2.132858,0.760980
1.180000,0.001657,-0.172183,-0.077450,-2.360507,-0.025583,2.132858,0.760980
1.190000,0.001655,-0.172185,-0.077448,-2.360508,-0.025583,2.132857,0.760978
1.200000,0.001655,-0.172185,-0.077446,-2.360507,-0.025583,2.132858,0.760977
1.210000,0.001657,-0.172185,-0.077446,-2.360507,-0.025584,2.132859,0.760974
1.220000,0.001655,-0.172185,-0.077448,-2.360505,-0.025583,2.132858,0.760975
1.230000,0.001657,-0.172185,-0.077444,-2.360505,-0.025584,2.132857,0.760975
1.240000,0.001657,-0.172185,-0.077447,-2.360505,-0.025582,2.132857,0.760977
1.250000,0.001658,-0.172183,-0.077445,-2.360507,-0.025582,2.132857,0.760980
1.260000,0.001657,-0.172182,-0.077450,-2.360507,-0.025583,2.132858,0.760981
1.270000,0.001660,-0.172185,-0.077445,-2.360507,-0.025583,2.132858,0.760978
1.280000,0.001657,-0.172187,-0.077448,-2.360501,-0.025582,2.132858,0.760979
1.290000,0.001658,-0.172183,-0.077446,-2.360507,-0.025582,2.132858,0.760974
1.300000,0.001658,-0.172185,-0.077448,-2.360508,-0.025582,2.132859,0.760974
1.310000,0.001657,-0.172185,-0.077443,-2.360501,-0.025583,2.132860,0.760977
1.320000,0.001657,-0.172182,-0.077448,-2.360507,-0.025583,2.132858,0.760974
1.330000,0.001658,-0.172183,-0.077446,-2.360505,-0.025582,2.132858,0.760978
1.340000,0.001658,-0.172185,-0.077443,-2.360505,-0.025581,2.132858,0.760972
1.350000,0.001657,-0.172183,-0.077446,-2.360507,-0.025583,2.132857,0.760981
1.360000,0.001658,-0.172183,-0.077450,-2.360508,-0.025583,2.132858,0.760979
1.370000,0.001657,-0.172185,-0.077445,-2.360507,-0.025582,2.132858,0.760979
1.380000,0.001658,-0.172187,-0.077446,-2.360508,-0.025583,2.132858,0.760979
1.390000,0.001655,-0.172185,-0.077448,-2.360507,-0.025583,2.132857,0.760975
1.400000,0.001657,-0.172187,-0.077443,-2.360503,-0.025583,2.132860,0.760978
1.410000,0.001659,-0.172183,-0.077446,-2.360510,-0.025583,2.132857,0.760981
1.420000,0.001655,-0.172187,-0.077446,-2.360505,-0.025583,2.132856,0.760978
1.430000,0.001660,-0.172185,-0.077443,-2.360505,-0.025582,2.132859,0.760977
1.440000,0.001657,-0.172187,-0.077443,-2.360508,-0.025583,2.132857,0.760975
1.450000,0.001657,-0.172185,-0.077445,-2.360508,-0.025583,2.132859,0.760972
1.460000,0.001658,-0.172185,-0.077443,-2.360508,-0.025582,2.132858,0.760979
1.470000,0.001657,-0.172189,-0.077446,-2.360508,-0.025583,2.132857,0.760978
1.480000,0.001658,-0.172185,-0.077448,-2.360510,-0.025582,2.132857,0.760975
1.490000,0.001658,-0.172183,-0.077446,-2.360507,-0.025583,2.132858,0.760975
1.500000,0.001655,-0.172187,-0.077450,-2.360503,-0.025582,2.132859,0.760977
1.510000,0.001657,-0.172183,-0.077450,-2.360503,-0.025583,2.132858,0.760978
1.520000,0.001655,-0.172182,-0.077448,-2.360510,-0.025583,2.132857,0.760979
1.530000,0.001655,-0.172183,-0.077450,-2.360506,-0.025583,2.132859,0.760975
1.540000,0.001654,-0.172185,-0.077448,-2.360507,-0.025583,2.132858,0.760976
1.550000,0.001655,-0.172183,-0.077450,-2.360508,-0.025582,2.132858,0.760974
1.560000,0.001657,-0.172185,-0.077448,-2.360507,-0.025582,2.132859,0.760975
1.570000,0.001658,-0.172183,-0.077446,-2.360508,-0.025582,2.132859,0.760976
1.580000,0.001658,-0.172185,-0.077443,-2.360503,-0.025583,2.132859,0.760982
1.590000,0.001658,-0.172183,-0.077445,-2.360508,-0.025582,2.132858,0.760979
1.600000,0.001658,-0.172183,-0.077446,-2.360507,-0.025583,2.132858,0.760975
1.610000,0.001658,-0.172182,-0.077441,-2.360507,-0.025583,2.132857,0.760977
1.620000,0.001657,-0.172182,-0.077446,-2.360507,-0.025583,2.132857,0.760967
1.630000,0.001658,-0.172183,-0.077446,-2.360508,-0.025583,2.132858,0.760975
1.640000,0.001657,-0.172183,-0.077448,-2.360507,-0.025583,2.132857,0.760974
1.650000,0.001657,-0.172183,-0.077446,-2.360508,-0.025583,2.132859,0.760975
1.660000,0.001653,-0.172185,-0.077446,-2.360501,-0.025582,2.132858,0.760981
1.670000,0.001657,-0.172187,-0.077443,-2.360507,-0.025583,2.132859,0.760975
1.680000,0.001655,-0.172183,-0.077445,-2.360508,-0.025582,2.132858,0.760979
1.690000,0.001655,-0.172185,-0.077446,-2.360507,-0.025583,2.132857,0.760974
1.700000,0.001657,-0.172182,-0.077445,-2.360508,-0.025582,2.132858,0.760974
1.710000,0.001657,-0.172183,-0.077446,-2.360507,-0.025583,2.132859,0.760978
1.720000,0.001657,-0.172187,-0.077448,-2.360508,-0.025583,2.132859,0.760974
1.730000,0.001655,-0.172187,-0.077448,-2.360508,-0.025583,2.132858,0.760977
1.740000,0.001653,-0.172185,-0.077446,-2.360505,-0.025582,2.132857,0.760975
1.750000,0.001657,-0.172187,-0.077446,-2.360505,-0.025583,2.132859,0.760975
1.760000,0.001655,-0.172182,-0.077445,-2.360503,-0.025584,2.132858,0.760980
1.770000,0.001658,-0.172185,-0.077445,-2.360507,-0.025582,2.132857,0.760981
1.780000,0.001657,-0.172185,-0.077448,-2.360503,-0.025583,2.132859,0.760976
1.790000,0.001662,-0.172183,-0.077446,-2.360503,-0.025582,2.132859,0.760979
1.800000,0.001662,-0.172185,-0.077445,-2.360505,-0.025583,2.132857,0.760975
1.810000,0.001658,-0.172182,-0.077443,-2.360505,-0.025583,2.132860,0.760975
1.820000,0.001658,-0.172187,-0.077446,-2.360507,-0.025583,2.132857,0.760976
1.830000,0.001660,-0.172185,-0.077446,-2.360505,-0.025582,2.132857,0.760972
1.840000,0.001658,-0.172187,-0.077446,-2.360505,-0.025583,2.132859,0.760978
1.850000,0.001657,-0.172182,-0.077448,-2.360505,-0.025583,2.132857,0.760975
1.860000,0.001655,-0.172185,-0.077446,-2.360503,-0.025585,2.132858,0.760978
1.870000,0.001655,-0.172183,-0.077448,-2.360507,-0.025584,2.132859,0.760976
1.880000,0.001653,-0.172183,-0.077446,-2.360508,-0.025583,2.132858,0.760976
1.890000,0.001651,-0.172185,-0.077448,-2.360505,-0.025583,2.132857,0.760977
1.900000,0.001659,-0.172185,-0.077445,-2.360512,-0.025582,2.132857,0.760978
1.910000,0.001658,-0.172185,-0.077448,-2.360508,-0.025582,2.132858,0.760977
1.920000,0.001658,-0.172185,-0.077448,-2.360503,-0.025583,2.132857,0.760975
1.930000,0.001658,-0.172187,-0.077446,-2.360507,-0.025582,2.132858,0.760975
1.940000,0.001658,-0.172185,-0.077446,-2.360508,-0.025583,2.132857,0.760976
1.950000,0.001658,-0.172184,-0.077447,-2.360507,-0.025583,2.132857,0.760979
1.960000,0.001658,-0.172185,-0.077448,-2.360507,-0.025583,2.132857,0.760980
1.970000,0.001660,-0.172183,-0.077446,-2.360505,-0.025583,2.132858,0.760978
1.980000,0.001660,-0.172185,-0.077444,-2.360507,-0.025583,2.132857,0.760979
1.990000,0.001662,-0.172185,-0.077448,-2.360507,-0.025583,2.132857,0.760978
2.000000,0.001655,-0.172185,-0.077448,-2.360507,-0.025582,2.132857,0.760973
2.010000,0.001655,-0.172183,-0.077448,-2.360508,-0.025583,2.132858,0.760976
2.020000,0.001655,-0.172183,-0.077448,-2.360503,-0.025583,2.132859,0.760972
2.030000,0.001655,-0.172183,-0.077446,-2.360505,-0.025583,2.132859,0.760978
2.040000,0.001658,-0.172180,-0.077445,-2.360503,-0.025583,2.132858,0.760975
2.050000,0.001657,-0.172182,-0.077443,-2.360510,-0.025583,2.132859,0.760980
2.060000,0.001658,-0.172187,-0.077446,-2.360507,-0.025582,2.132858,0.760980
2.070000,0.001658,-0.172182,-0.077446,-2.360507,-0.025583,2.132857,0.760980
2.080000,0.001657,-0.172182,-0.077445,-2.360507,-0.025583,2.132858,0.760978
2.090000,0.001655,-0.172183,-0.077448,-2.360505,-0.025582,2.132857,0.760977
2.100000,0.001655,-0.172185,-0.077450,-2.360503,-0.025582,2.132857,0.760980
2.110000,0.001653,-0.172183,-0.077452,-2.360508,-0.025583,2.132858,0.760980
2.120000,0.001655,-0.172183,-0.077448,-2.360508,-0.025582,2.132857,0.760974
2.130000,0.001655,-0.172183,-0.077448,-2.360507,-0.025583,2.132858,0.760980
2.140000,0.001655,-0.172182,-0.077450,-2.360505,-0.025583,2.132858,0.760978
2.150000,0.001653,-0.172185,-0.077446,-2.360505,-0.025583,2.132859,0.760977
2.160000,0.001657,-0.172185,-0.077441,-2.360507,-0.025582,2.132857,0.760974
2.170000,0.001664,-0.172185,-0.077443,-2.360507,-0.025582,2.132857,0.760978
2.180000,0.001658,-0.172185,-0.077446,-2.360505,-0.025583,2.132858,0.760975
2.190000,0.001658,-0.172185,-0.077440,-2.360508,-0.025583,2.132857,0.760982
2.200000,0.001661,-0.172183,-0.077440,-2.360503,-0.025584,2.132858,0.760976
2.210000,0.001663,-0.172185,-0.077439,-2.360508,-0.025584,2.132857,0.760977
2.220000,0.001661,-0.172185,-0.077439,-2.360507,-0.025583,2.132857,0.760975
2.230000,0.001659,-0.172185,-0.077440,-2.360505,-0.025583,2.132859,0.760976
2.240000,0.001657,-0.172185,-0.077448,-2.360507,-0.025582,2.132859,0.760979
2.250000,0.001658,-0.172185,-0.077450,-2.360503,-0.025582,2.132857,0.760976
2.260000,0.001655,-0.172187,-0.077449,-2.360505,-0.025583,2.132858,0.760980
2.270000,0.001651,-0.172183,-0.077448,-2.360507,-0.025582,2.132858,0.760980
2.280000,0.001649,-0.172187,-0.077452,-2.360512,-0.025582,2.132857,0.760982
2.290000,0.001649,-0.172182,-0.077454,-2.360505,-0.025583,2.132860,0.760976
2.300000,0.001651,-0.172185,-0.077458,-2.360505,-0.025583,2.132858,0.760977
2.310000,0.001657,-0.172182,-0.077451,-2.360505,-0.025583,2.132857,0.760978
2.320000,0.001657,-0.172185,-0.077448,-2.360505,-0.025583,2.132858,0.760978
2.330000,0.001658,-0.172183,-0.077445,-2.360503,-0.025582,2.132859,0.760981
2.340000,0.001660,-0.172182,-0.077446,-2.360508,-0.025582,2.132858,0.760980
2.350000,0.001664,-0.172185,-0.077439,-2.360505,-0.025583,2.132857,0.760977
2.360000,0.001665,-0.172187,-0.077436,-2.360503,-0.025583,2.132857,0.760975
2.370000,0.001665,-0.172187,-0.077436,-2.360505,-0.025581,2.132857,0.760979
2.380000,0.001668,-0.172187,-0.077439,-2.360505,-0.025582,2.132857,0.760978
2.390000,0.001663,-0.172187,-0.077439,-2.360508,-0.025583,2.132858,0.760976
2.400000,0.001663,-0.172185,-0.077439,-2.360507,-0.025583,2.132857,0.760973
2.410000,0.001662,-0.172185,-0.077444,-2.360503,-0.025583,2.132857,0.760978
2.420000,0.001653,-0.172182,-0.077446,-2.360512,-0.025583,2.132857,0.760974
2.430000,0.001655,-0.172187,-0.077448,-2.360510,-0.025583,2.132857,0.760978
2.440000,0.001651,-0.172182,-0.077451,-2.360508,-0.025583,2.132857,0.760973
2.450000,0.001653,-0.172182,-0.077452,-2.360505,-0.025583,2.132860,0.760976
2.460000,0.001649,-0.172183,-0.077450,-2.360505,-0.025582,2.132858,0.760978
2.470000,0.001651,-0.172185,-0.077455,-2.360507,-0.025582,2.132857,0.760977
2.480000,0.001655,-0.172183,-0.077450,-2.360505,-0.025583,2.132859,0.760978
2.490000,0.001655,-0.172185,-0.077446,-2.360507,-0.025583,2.132858,0.760973
2.500000,0.001657,-0.172185,-0.077450,-2.360508,-0.025583,2.132857,0.760981
2.510000,0.001655,-0.172188,-0.077445,-2.360505,-0.025582,2.132860,0.760975
2.520000,0.001660,-0.172185,-0.077441,-2.360507,-0.025582,2.132857,0.760979
2.530000,0.001658,-0.172185,-0.077443,-2.360507,-0.025583,2.132857,0.760975
2.540000,0.001661,-0.172183,-0.077443,-2.360508,-0.025584,2.132859,0.760976
2.550000,0.001657,-0.172183,-0.077446,-2.360508,-0.025583,2.132857,0.760980
2.560000,0.001660,-0.172183,-0.077445,-2.360503,-0.025583,2.132858,0.760976
2.570000,0.001660,-0.172182,-0.077443,-2.360507,-0.025585,2.132859,0.760972
2.580000,0.001659,-0.172185,-0.077446,-2.360507,-0.025583,2.132859,0.760977
2.590000,0.001655,-0.172183,-0.077445,-2.360510,-0.025582,2.132858,0.760974
2.600000,0.001655,-0.172185,-0.077448,-2.360508,-0.025582,2.132859,0.760975
2.610000,0.001659,-0.172185,-0.077443,-2.360505,-0.025582,2.132858,0.760975
2.620000,0.001658,-0.172185,-0.077448,-2.360507,-0.025583,2.132859,0.760975
2.630000,0.001655,-0.172185,-0.077446,-2.360505,-0.025583,2.132858,0.760978
2.640000,0.001657,-0.172187,-0.077450,-2.360508,-0.025583,2.132859,0.760973
2.650000,0.001653,-0.172187,-0.077448,-2.360505,-0.025583,2.132857,0.760981
2.660000,0.001657,-0.172185,-0.077452,-2.360508,-0.025583,2.132858,0.760977
2.670000,0.001657,-0.172185,-0.077450,-2.360505,-0.025583,2.132858,0.760978
2.680000,0.001653,-0.172182,-0.077453,-2.360507,-0.025582,2.132858,0.760979
2.690000,0.001653,-0.172183,-0.077454,-2.360507,-0.025584,2.132858,0.760976
2.700000,0.001658,-0.172185,-0.077448,-2.360507,-0.025583,2.132857,0.760978
2.710000,0.001662,-0.172183,-0.077446,-2.360507,-0.025583,2.132858,0.760982
2.720000,0.001660,-0.172185,-0.077445,-2.360505,-0.025582,2.132857,0.760979
2.730000,0.001662,-0.172185,-0.077443,-2.360505,-0.025583,2.132857,0.760976
2.740000,0.001661,-0.172187,-0.077436,-2.360505,-0.025583,2.132859,0.760979
2.750000,0.001665,-0.172183,-0.077436,-2.360505,-0.025583,2.132858,0.760980
2.760000,0.001663,-0.172185,-0.077438,-2.360507,-0.025583,2.132858,0.760976
2.770000,0.001659,-0.172185,-0.077438,-2.360505,-0.025583,2.132857,0.760978
2.780000,0.001662,-0.172185,-0.077441,-2.360507,-0.025583,2.132859,0.760972
2.790000,0.001660,-0.172189,-0.077443,-2.360503,-0.025583,2.132858,0.760977
2.800000,0.001655,-0.172183,-0.077450,-2.360508,-0.025582,2.132857,0.760977
2.810000,0.001653,-0.172183,-0.077450,-2.360507,-0.025582,2.132859,0.760980
2.820000,0.001653,-0.172183,-0.077455,-2.360507,-0.025583,2.132859,0.760973
2.830000,0.001653,-0.172183,-0.077451,-2.360505,-0.025583,2.132858,0.760977
2.840000,0.001651,-0.172189,-0.077448,-2.360505,-0.025582,2.132858,0.760974
2.850000,0.001655,-0.172185,-0.077452,-2.360507,-0.025583,2.132858,0.760978
2.860000,0.001653,-0.172185,-0.077452,-2.360507,-0.025583,2.132858,0.760978
2.870000,0.001655,-0.172182,-0.077448,-2.360507,-0.025585,2.132859,0.760978
2.880000,0.001657,-0.172185,-0.077445,-2.360505,-0.025582,2.132857,0.760972
2.890000,0.001658,-0.172187,-0.077442,-2.360507,-0.025582,2.132857,0.760978
2.900000,0.001663,-0.172183,-0.077441,-2.360507,-0.025583,2.132861,0.760980
2.910000,0.001663,-0.172187,-0.077444,-2.360508,-0.025582,2.132858,0.760977
2.920000,0.001663,-0.172183,-0.077440,-2.360503,-0.025582,2.132858,0.760978
2.930000,0.001663,-0.172183,-0.077442,-2.360505,-0.025582,2.132857,0.760978
2.940000,0.001659,-0.172183,-0.077438,-2.360507,-0.025583,2.132857,0.760981
2.950000,0.001660,-0.172183,-0.077440,-2.360503,-0.025582,2.132858,0.760976
2.960000,0.001659,-0.172185,-0.077450,-2.360508,-0.025584,2.132857,0.760977
2.970000,0.001653,-0.172183,-0.077446,-2.360508,-0.025583,2.132857,0.760975
2.980000,0.001655,-0.172182,-0.077452,-2.360505,-0.025582,2.132860,0.760974
2.990000,0.001657,-0.172185,-0.077450,-2.360505,-0.025583,2.132860,0.760976
3.000000,0.001655,-0.172185,-0.077450,-2.360507,-0.025582,2.132857,0.760974
3.010000,0.001651,-0.172185,-0.077450,-2.360507,-0.025583,2.132858,0.760981
3.020000,0.001658,-0.172182,-0.077448,-2.360505,-0.025583,2.132857,0.760975
3.030000,0.001658,-0.172183,-0.077448,-2.360508,-0.025583,2.132857,0.760981
3.040000,0.001655,-0.172187,-0.077446,-2.360503,-0.025583,2.132859,0.760974
3.050000,0.001657,-0.172187,-0.077442,-2.360507,-0.025583,2.132858,0.760977
3.060000,0.001659,-0.172183,-0.077445,-2.360507,-0.025582,2.132858,0.760974
3.070000,0.001658,-0.172187,-0.077445,-2.360507,-0.025583,2.132859,0.760979
3.080000,0.001657,-0.172183,-0.077446,-2.360505,-0.025583,2.132860,0.760978
3.090000,0.001660,-0.172187,-0.077446,-2.360507,-0.025584,2.132858,0.760976
3.100000,0.001655,-0.172183,-0.077444,-2.360507,-0.025583,2.132858,0.760975
3.110000,0.001661,-0.172185,-0.077446,-2.360508,-0.025583,2.132859,0.760974
3.120000,0.001657,-0.172185,-0.077443,-2.360508,-0.025582,2.132858,0.760979
3.130000,0.001657,-0.172185,-0.077445,-2.360503,-0.025583,2.132860,0.760980
3.140000,0.001657,-0.172185,-0.077446,-2.360507,-0.025583,2.132858,0.760978
3.150000,0.001660,-0.172187,-0.077443,-2.360507,-0.025583,2.132857,0.760976
3.160000,0.001662,-0.172185,-0.077445,-2.360503,-0.025583,2.132859,0.760972
3.170000,0.001655,-0.172185,-0.077445,-2.360503,-0.025583,2.132859,0.760973
3.180000,0.001660,-0.172182,-0.077445,-2.360507,-0.025583,2.132859,0.760977
3.190000,0.001655,-0.172185,-0.077446,-2.360505,-0.025584,2.132859,0.760973
3.200000,0.001655,-0.172185,-0.077448,-2.360505,-0.025583,2.132860,0.760973
3.210000,0.001657,-0.172183,-0.077448,-2.360507,-0.025582,2.132857,0.760979
3.220000,0.001653,-0.172185,-0.077450,-2.360503,-0.025583,2.132857,0.760982
3.230000,0.001653,-0.172185,-0.077450,-2.360505,-0.025583,2.132860,0.760980
3.240000,0.001655,-0.172185,-0.077448,-2.360505,-0.025583,2.132857,0.760973
3.250000,0.001655,-0.172185,-0.077446,-2.360510,-0.025582,2.132857,0.760975
3.260000,0.001657,-0.172185,-0.077446,-2.360505,-0.025583,2.132858,0.760975
3.270000,0.001658,-0.172183,-0.077443,-2.360505,-0.025583,2.132858,0.760980
3.280000,0.001666,-0.172187,-0.077439,-2.360507,-0.025583,2.132858,0.760978
3.290000,0.001661,-0.172183,-0.077440,-2.360507,-0.025583,2.132860,0.760974
3.300000,0.001665,-0.172185,-0.077436,-2.360505,-0.025582,2.132859,0.760976
3.310000,0.001661,-0.172183,-0.077439,-2.360503,-0.025583,2.132857,0.760975
3.320000,0.001661,-0.172183,-0.077437,-2.360503,-0.025583,2.132857,0.760978
3.330000,0.001665,-0.172187,-0.077440,-2.360505,-0.025583,2.132858,0.760977
3.340000,0.001657,-0.172183,-0.077445,-2.360508,-0.025583,2.132857,0.760981
3.350000,0.001653,-0.172185,-0.077450,-2.360505,-0.025584,2.132858,0.760975
3.360000,0.001657,-0.172180,-0.077450,-2.360508,-0.025583,2.132857,0.760977
3.370000,0.001655,-0.172185,-0.077450,-2.360505,-0.025583,2.132857,0.760974
3.380000,0.001653,-0.172187,-0.077454,-2.360505,-0.025583,2.132860,0.760980
3.390000,0.001658,-0.172183,-0.077452,-2.360503,-0.025582,2.132858,0.760974
3.400000,0.001655,-0.172185,-0.077448,-2.360507,-0.025583,2.132858,0.760979
3.410000,0.001655,-0.172185,-0.077445,-2.360507,-0.025582,2.132859,0.760975
3.420000,0.001658,-0.172187,-0.077446,-2.360505,-0.025583,2.132858,0.760974
3.430000,0.001658,-0.172183,-0.077444,-2.360503,-0.025583,2.132858,0.760975
3.440000,0.001662,-0.172185,-0.077443,-2.360505,-0.025583,2.132857,0.760973
3.450000,0.001659,-0.172183,-0.077443,-2.360507,-0.025582,2.132857,0.760972
3.460000,0.001657,-0.172183,-0.077445,-2.360507,-0.025582,2.132857,0.760976
3.470000,0.001657,-0.172185,-0.077444,-2.360507,-0.025585,2.132859,0.760979
3.480000,0.001659,-0.172183,-0.077446,-2.360508,-0.025583,2.132857,0.760977
3.490000,0.001657,-0.172185,-0.077450,-2.360503,-0.025583,2.132859,0.760974
3.500000,0.001655,-0.172183,-0.077446,-2.360507,-0.025583,2.132857,0.760976
3.510000,0.001657,-0.172187,-0.077445,-2.360507,-0.025582,2.132860,0.760978
3.520000,0.001658,-0.172185,-0.077445,-2.360505,-0.025583,2.132858,0.760981
3.530000,0.001655,-0.172187,-0.077448,-2.360507,-0.025582,2.132858,0.760975
3.540000,0.001658,-0.172187,-0.077450,-2.360505,-0.025582,2.132859,0.760980
3.550000,0.001657,-0.172182,-0.077448,-2.360507,-0.025583,2.132859,0.760979
3.560000,0.001653,-0.172185,-0.077452,-2.360508,-0.025582,2.132859,0.760981
3.570000,0.001658,-0.172187,-0.077448,-2.360505,-0.025583,2.132858,0.760975
3.580000,0.001657,-0.172189,-0.077448,-2.360507,-0.025583,2.132859,0.760981
3.590000,0.001657,-0.172187,-0.077448,-2.360507,-0.025584,2.132858,0.760980
3.600000,0.001657,-0.172185,-0.077446,-2.360507,-0.025582,2.132860,0.760976
3.610000,0.001655,-0.172187,-0.077448,-2.360507,-0.025583,2.132859,0.760979
3.620000,0.001658,-0.172183,-0.077446,-2.360505,-0.025583,2.132858,0.760974
3.630000,0.001655,-0.172182,-0.077448,-2.360505,-0.025583,2.132857,0.760978
3.640000,0.001658,-0.172185,-0.077446,-2.360507,-0.025582,2.132857,0.760977
3.650000,0.001660,-0.172182,-0.077446,-2.360505,-0.025582,2.132857,0.760981
3.660000,0.001660,-0.172185,-0.077448,-2.360508,-0.025582,2.132858,0.760974
3.670000,0.001658,-0.172183,-0.077442,-2.360505,-0.025584,2.132859,0.760978
3.680000,0.001662,-0.172183,-0.077443,-2.360508,-0.025583,2.132857,0.760979
3.690000,0.001661,-0.172183,-0.077444,-2.360507,-0.025582,2.132858,0.760981
3.700000,0.001660,-0.172182,-0.077444,-2.360505,-0.025583,2.132859,0.760973
3.710000,0.001662,-0.172183,-0.077445,-2.360507,-0.025582,2.132858,0.760978
3.720000,0.001655,-0.172183,-0.077450,-2.360505,-0.025583,2.132857,0.760972
3.730000,0.001657,-0.172185,-0.077450,-2.360505,-0.025583,2.132856,0.760978
3.740000,0.001655,-0.172187,-0.077446,-2.360505,-0.025584,2.132857,0.760972
3.750000,0.001657,-0.172185,-0.077450,-2.360507,-0.025583,2.132858,0.760979
3.760000,0.001649,-0.172180,-0.077452,-2.360505,-0.025583,2.132858,0.760974
3.770000,0.001639,-0.172187,-0.077465,-2.360508,-0.025582,2.132859,0.760980
3.780000,0.001637,-0.172185,-0.077468,-2.360508,-0.025582,2.132858,0.760978
3.790000,0.001643,-0.172187,-0.077462,-2.360503,-0.025583,2.132859,0.760978
3.800000,0.001664,-0.172180,-0.077446,-2.360512,-0.025582,2.132856,0.760977
3.810000,0.001661,-0.172180,-0.077442,-2.360512,-0.025582,2.132857,0.760978
3.820000,0.001670,-0.172182,-0.077434,-2.360516,-0.025583,2.132855,0.760978
3.830000,0.001679,-0.172183,-0.077419,-2.360507,-0.025584,2.132858,0.760974
3.840000,0.001690,-0.172187,-0.077404,-2.360505,-0.025582,2.132857,0.760976
3.850000,0.001687,-0.172185,-0.077406,-2.360505,-0.025583,2.132859,0.760978
3.860000,0.001685,-0.172183,-0.077406,-2.360505,-0.025583,2.132858,0.760979
3.870000,0.001677,-0.172187,-0.077414,-2.360507,-0.025584,2.132857,0.760975
3.880000,0.001670,-0.172183,-0.077426,-2.360508,-0.025583,2.132857,0.760977
3.890000,0.001661,-0.172187,-0.077439,-2.360505,-0.025582,2.132859,0.760980
3.900000,0.001649,-0.172182,-0.077456,-2.360498,-0.025583,2.132858,0.760979
3.910000,0.001637,-0.172182,-0.077467,-2.360505,-0.025583,2.132859,0.760976
3.920000,0.001631,-0.172183,-0.077473,-2.360507,-0.025583,2.132858,0.760976
3.930000,0.001627,-0.172187,-0.077481,-2.360510,-0.025582,2.132857,0.760976
3.940000,0.001634,-0.172183,-0.077482,-2.360510,-0.025585,2.132857,0.760976
3.950000,0.001632,-0.172183,-0.077479,-2.360503,-0.025583,2.132859,0.760981
3.960000,0.001639,-0.172183,-0.077473,-2.360503,-0.025583,2.132859,0.760980
3.970000,0.001662,-0.172187,-0.077444,-2.360512,-0.025582,2.132857,0.760980
3.980000,0.001660,-0.172187,-0.077442,-2.360509,-0.025584,2.132857,0.760975
3.990000,0.001665,-0.172187,-0.077427,-2.360507,-0.025583,2.132859,0.760975
4.000000,0.001687,-0.172195,-0.077417,-2.360508,-0.025583,2.132857,0.760976
4.010000,0.001683,-0.172191,-0.077409,-2.360505,-0.025583,2.132857,0.760978
4.020000,0.001687,-0.172188,-0.077406,-2.360503,-0.025583,2.132857,0.760978
4.030000,0.001679,-0.172189,-0.077417,-2.360512,-0.025582,2.132859,0.760978
4.040000,0.001676,-0.172189,-0.077421,-2.360512,-0.025583,2.132857,0.760980
4.050000,0.001671,-0.172187,-0.077429,-2.360505,-0.025584,2.132858,0.760976
4.060000,0.001652,-0.172180,-0.077445,-2.360503,-0.025582,2.132858,0.760980
4.070000,0.001649,-0.172183,-0.077454,-2.360508,-0.025583,2.132857,0.760978
4.080000,0.001646,-0.172178,-0.077456,-2.360505,-0.025583,2.132858,0.760979
4.090000,0.001640,-0.172178,-0.077465,-2.360507,-0.025583,2.132857,0.760981
4.100000,0.001641,-0.172182,-0.077462,-2.360506,-0.025582,2.132858,0.760978
4.110000,0.001644,-0.172182,-0.077458,-2.360503,-0.025582,2.132858,0.760973
4.120000,0.001644,-0.172182,-0.077460,-2.360507,-0.025584,2.132859,0.760976
4.130000,0.001646,-0.172182,-0.077455,-2.360505,-0.025583,2.132858,0.760976
4.140000,0.001652,-0.172185,-0.077446,-2.360507,-0.025583,2.132857,0.760976
4.150000,0.001662,-0.172191,-0.077436,-2.360507,-0.025582,2.132859,0.760977
4.160000,0.001661,-0.172191,-0.077439,-2.360508,-0.025583,2.132858,0.760976
4.170000,0.001662,-0.172186,-0.077439,-2.360510,-0.025584,2.132858,0.760979
4.180000,0.001664,-0.172185,-0.077437,-2.360508,-0.025583,2.132858,0.760980
4.190000,0.001667,-0.172183,-0.077433,-2.360505,-0.025583,2.132858,0.760978
4.200000,0.001672,-0.172185,-0.077433,-2.360507,-0.025582,2.132857,0.760977
4.210000,0.001665,-0.172180,-0.077435,-2.360508,-0.025583,2.132858,0.760977
4.220000,0.001667,-0.172183,-0.077436,-2.360508,-0.025583,2.132857,0.760980
4.230000,0.001667,-0.172185,-0.077436,-2.360507,-0.025582,2.132857,0.760981
4.240000,0.001661,-0.172183,-0.077435,-2.360507,-0.025583,2.132859,0.760978
4.250000,0.001661,-0.172191,-0.077438,-2.360499,-0.025582,2.132859,0.760977
4.260000,0.001655,-0.172185,-0.077447,-2.360508,-0.025582,2.132859,0.760974
4.270000,0.001652,-0.172183,-0.077447,-2.360507,-0.025583,2.132858,0.760975
4.280000,0.001651,-0.172180,-0.077448,-2.360507,-0.025584,2.132857,0.760977
4.290000,0.001649,-0.172187,-0.077455,-2.360505,-0.025584,2.132860,0.760976
4.300000,0.001645,-0.172182,-0.077457,-2.360503,-0.025583,2.132857,0.760979
4.310000,0.001644,-0.172180,-0.077458,-2.360507,-0.025583,2.132857,0.760975
4.320000,0.001644,-0.172178,-0.077455,-2.360507,-0.025584,2.132859,0.760980
4.330000,0.001646,-0.172180,-0.077454,-2.360507,-0.025583,2.132857,0.760975
4.340000,0.001644,-0.172183,-0.077454,-2.360507,-0.025583,2.132858,0.760976
4.350000,0.001662,-0.172183,-0.077446,-2.360505,-0.025583,2.132858,0.760980
4.360000,0.001655,-0.172183,-0.077442,-2.360505,-0.025584,2.132859,0.760982
4.370000,0.001665,-0.172183,-0.077434,-2.360503,-0.025582,2.132857,0.760979
4.380000,0.001672,-0.172189,-0.077428,-2.360507,-0.025583,2.132857,0.760976
4.390000,0.001674,-0.172193,-0.077423,-2.360505,-0.025584,2.132857,0.760980
4.400000,0.001677,-0.172193,-0.077427,-2.360507,-0.025583,2.132858,0.760978
4.410000,0.001679,-0.172189,-0.077422,-2.360508,-0.025583,2.132858,0.760975
4.420000,0.001670,-0.172188,-0.077428,-2.360507,-0.025584,2.132858,0.760977
4.430000,0.001662,-0.172188,-0.077436,-2.360508,-0.025583,2.132859,0.760978
4.440000,0.001661,-0.172182,-0.077437,-2.360507,-0.025584,2.132859,0.760974
4.450000,0.001655,-0.172189,-0.077443,-2.360503,-0.025583,2.132859,0.760982
4.460000,0.001648,-0.172184,-0.077452,-2.360505,-0.025584,2.132859,0.760980
4.470000,0.001646,-0.172183,-0.077460,-2.360503,-0.025583,2.132857,0.760972
4.480000,0.001636,-0.172183,-0.077465,-2.360507,-0.025583,2.132859,0.760975
4.490000,0.001639,-0.172182,-0.077464,-2.360505,-0.025583,2.132857,0.760977
4.500000,0.001643,-0.172180,-0.077464,-2.360501,-0.025583,2.132857,0.760975
4.510000,0.001646,-0.172180,-0.077458,-2.360507,-0.025582,2.132858,0.760975
4.520000,0.001651,-0.172183,-0.077451,-2.360505,-0.025583,2.132857,0.760979
4.530000,0.001657,-0.172185,-0.077443,-2.360507,-0.025583,2.132857,0.760975
4.540000,0.001664,-0.172183,-0.077436,-2.360507,-0.025583,2.132859,0.760979
4.550000,0.001674,-0.172183,-0.077428,-2.360504,-0.025583,2.132857,0.760980
4.560000,0.001670,-0.172187,-0.077428,-2.360504,-0.025583,2.132858,0.760981
4.570000,0.001669,-0.172187,-0.077427,-2.360507,-0.025584,2.132857,0.760977
4.580000,0.001668,-0.172183,-0.077430,-2.360507,-0.025582,2.132858,0.760975
4.590000,0.001667,-0.172183,-0.077432,-2.360507,-0.025583,2.132860,0.760977
4.600000,0.001668,-0.172185,-0.077434,-2.360507,-0.025582,2.132857,0.760976
4.610000,0.001661,-0.172185,-0.077436,-2.360507,-0.025583,2.132857,0.760977
4.620000,0.001657,-0.172183,-0.077440,-2.360507,-0.025582,2.132860,0.760975
4.630000,0.001653,-0.172183,-0.077448,-2.360505,-0.025582,2.132857,0.760977
4.640000,0.001649,-0.172185,-0.077448,-2.360507,-0.025583,2.132858,0.760974
4.650000,0.001651,-0.172187,-0.077451,-2.360507,-0.025582,2.132858,0.760980
4.660000,0.001649,-0.172185,-0.077455,-2.360508,-0.025583,2.132858,0.760975
4.670000,0.001651,-0.172185,-0.077453,-2.360507,-0.025583,2.132860,0.760980
4.680000,0.001649,-0.172185,-0.077453,-2.360507,-0.025584,2.132858,0.760980
4.690000,0.001653,-0.172189,-0.077452,-2.360501,-0.025583,2.132859,0.760975
4.700000,0.001651,-0.172185,-0.077452,-2.360507,-0.025583,2.132859,0.760975
4.710000,0.001654,-0.172185,-0.077448,-2.360507,-0.025582,2.132859,0.760977
4.720000,0.001651,-0.172183,-0.077446,-2.360505,-0.025582,2.132857,0.760977
4.730000,0.001658,-0.172180,-0.077445,-2.360508,-0.025583,2.132858,0.760979
4.740000,0.001664,-0.172182,-0.077441,-2.360507,-0.025583,2.132858,0.760975
4.750000,0.001666,-0.172185,-0.077436,-2.360507,-0.025583,2.132858,0.760974
4.760000,0.001668,-0.172185,-0.077431,-2.360505,-0.025582,2.132858,0.760976
4.770000,0.001669,-0.172183,-0.077431,-2.360507,-0.025583,2.132859,0.760978
4.780000,0.001668,-0.172183,-0.077431,-2.360510,-0.025584,2.132859,0.760976
4.790000,0.001668,-0.172187,-0.077431,-2.360508,-0.025582,2.132857,0.760979
4.800000,0.001667,-0.172187,-0.077433,-2.360503,-0.025582,2.132858,0.760975
4.810000,0.001663,-0.172187,-0.077438,-2.360503,-0.025583,2.132860,0.760979
4.820000,0.001661,-0.172187,-0.077440,-2.360505,-0.025583,2.132858,0.760980
4.830000,0.001654,-0.172187,-0.077446,-2.360508,-0.025583,2.132857,0.760976
4.840000,0.001649,-0.172182,-0.077454,-2.360508,-0.025583,2.132858,0.760975
4.850000,0.001638,-0.172183,-0.077460,-2.360505,-0.025584,2.132857,0.760976
4.860000,0.001641,-0.172183,-0.077460,-2.360503,-0.025583,2.132859,0.760979
4.870000,0.001643,-0.172182,-0.077462,-2.360505,-0.025583,2.132859,0.760974
4.880000,0.001646,-0.172183,-0.077460,-2.360505,-0.025583,2.132858,0.760978
4.890000,0.001648,-0.172182,-0.077452,-2.360505,-0.025583,2.132859,0.760979
4.900000,0.001654,-0.172185,-0.077448,-2.360508,-0.025583,2.132858,0.760979
4.910000,0.001657,-0.172185,-0.077446,-2.360505,-0.025582,2.132859,0.760978
4.920000,0.001664,-0.172185,-0.077434,-2.360507,-0.025583,2.132859,0.760973
4.930000,0.001667,-0.172187,-0.077431,-2.360503,-0.025583,2.132859,0.760973
4.940000,0.001670,-0.172187,-0.077424,-2.360505,-0.025580,2.132858,0.760978
4.950000,0.001677,-0.172187,-0.077426,-2.360505,-0.025582,2.132857,0.760979
4.960000,0.001670,-0.172185,-0.077426,-2.360508,-0.025583,2.132859,0.760981
4.970000,0.001662,-0.172182,-0.077433,-2.360507,-0.025582,2.132857,0.760973
4.980000,0.001662,-0.172185,-0.077435,-2.360507,-0.025583,2.132859,0.760977
4.990000,0.001658,-0.172187,-0.077443,-2.360507,-0.025583,2.132858,0.760978
5.000000,0.001651,-0.172183,-0.077450,-2.360508,-0.025583,2.132858,0.760972
5.010000,0.001649,-0.172185,-0.077450,-2.360507,-0.025582,2.132858,0.760977
5.020000,0.001651,-0.172183,-0.077455,-2.360505,-0.025585,2.132860,0.760978
5.030000,0.001648,-0.172183,-0.077456,-2.360507,-0.025583,2.132859,0.760975
5.040000,0.001644,-0.172185,-0.077455,-2.360505,-0.025584,2.132858,0.760978
5.050000,0.001646,-0.172185,-0.077456,-2.360507,-0.025582,2.132860,0.760978
5.060000,0.001653,-0.172187,-0.077452,-2.360505,-0.025583,2.132859,0.760981
5.070000,0.001658,-0.172187,-0.077450,-2.360505,-0.025583,2.132857,0.760978
5.080000,0.001655,-0.172187,-0.077445,-2.360508,-0.025583,2.132858,0.760980
5.090000,0.001658,-0.172182,-0.077439,-2.360507,-0.025583,2.132856,0.760973
5.100000,0.001665,-0.172185,-0.077439,-2.360505,-0.025583,2.132857,0.760980
5.110000,0.001662,-0.172185,-0.077436,-2.360505,-0.025582,2.132858,0.760975
5.120000,0.001665,-0.172185,-0.077437,-2.360507,-0.025582,2.132857,0.760976
5.130000,0.001661,-0.172185,-0.077436,-2.360508,-0.025583,2.132856,0.760977
5.140000,0.001665,-0.172185,-0.077439,-2.360507,-0.025583,2.132857,0.760981
5.150000,0.001661,-0.172185,-0.077439,-2.360508,-0.025583,2.132860,0.760980
5.160000,0.001662,-0.172180,-0.077439,-2.360505,-0.025582,2.132858,0.760978
5.170000,0.001663,-0.172185,-0.077442,-2.360507,-0.025582,2.132857,0.760974
5.180000,0.001661,-0.172183,-0.077445,-2.360507,-0.025583,2.132860,0.760978
5.190000,0.001660,-0.172182,-0.077441,-2.360507,-0.025583,2.132858,0.760978
5.200000,0.001655,-0.172182,-0.077447,-2.360505,-0.025583,2.132859,0.760976
5.210000,0.001651,-0.172185,-0.077448,-2.360505,-0.025582,2.132859,0.760975
5.220000,0.001657,-0.172183,-0.077445,-2.360505,-0.025583,2.132859,0.760975
5.230000,0.001653,-0.172185,-0.077449,-2.360505,-0.025582,2.132858,0.760980
5.240000,0.001649,-0.172187,-0.077449,-2.360507,-0.025582,2.132858,0.760973
5.250000,0.001649,-0.172183,-0.077453,-2.360508,-0.025583,2.132857,0.760980
5.260000,0.001649,-0.172185,-0.077451,-2.360505,-0.025583,2.132858,0.760975
5.270000,0.001655,-0.172183,-0.077449,-2.360507,-0.025583,2.132859,0.760975
5.280000,0.001655,-0.172183,-0.077446,-2.360503,-0.025583,2.132858,0.760975
5.290000,0.001660,-0.172187,-0.077444,-2.360503,-0.025583,2.132857,0.760978
5.300000,0.001658,-0.172183,-0.077441,-2.360507,-0.025582,2.132857,0.760977
5.310000,0.001662,-0.172187,-0.077438,-2.360505,-0.025583,2.132858,0.760977
5.320000,0.001665,-0.172187,-0.077432,-2.360510,-0.025583,2.132858,0.760979
5.330000,0.001667,-0.172187,-0.077431,-2.360507,-0.025582,2.132858,0.760975
5.340000,0.001667,-0.172189,-0.077433,-2.360505,-0.025582,2.132858,0.760976
5.350000,0.001667,-0.172187,-0.077435,-2.360507,-0.025583,2.132858,0.760976
5.360000,0.001665,-0.172185,-0.077435,-2.360507,-0.025583,2.132859,0.760978
5.370000,0.001660,-0.172182,-0.077436,-2.360505,-0.025583,2.132858,0.760974
5.380000,0.001655,-0.172185,-0.077441,-2.360507,-0.025583,2.132858,0.760977
5.390000,0.001653,-0.172183,-0.077448,-2.360507,-0.025582,2.132859,0.760973
5.400000,0.001649,-0.172182,-0.077453,-2.360503,-0.025582,2.132858,0.760980
5.410000,0.001651,-0.172182,-0.077454,-2.360505,-0.025582,2.132858,0.760981
5.420000,0.001640,-0.172180,-0.077453,-2.360503,-0.025583,2.132858,0.760976
5.430000,0.001649,-0.172182,-0.077457,-2.360507,-0.025582,2.132858,0.760977
5.440000,0.001650,-0.172183,-0.077453,-2.360507,-0.025583,2.132860,0.760976
5.450000,0.001655,-0.172185,-0.077448,-2.360505,-0.025583,2.132858,0.760976
5.460000,0.001657,-0.172183,-0.077442,-2.360507,-0.025583,2.132858,0.760977
5.470000,0.001664,-0.172185,-0.077441,-2.360510,-0.025583,2.132859,0.760978
5.480000,0.001667,-0.172183,-0.077436,-2.360505,-0.025583,2.132857,0.760980
5.490000,0.001667,-0.172189,-0.077434,-2.360503,-0.025582,2.132857,0.760978
5.500000,0.001667,-0.172185,-0.077435,-2.360507,-0.025584,2.132856,0.760980
5.510000,0.001661,-0.172185,-0.077435,-2.360510,-0.025583,2.132858,0.760982
5.520000,0.001665,-0.172187,-0.077435,-2.360507,-0.025583,2.132860,0.760975
5.530000,0.001661,-0.172185,-0.077438,-2.360508,-0.025582,2.132859,0.760980
5.540000,0.001659,-0.172187,-0.077446,-2.360508,-0.025583,2.132859,0.760977
5.550000,0.001659,-0.172185,-0.077443,-2.360507,-0.025583,2.132859,0.760977
5.560000,0.001649,-0.172183,-0.077445,-2.360503,-0.025582,2.132858,0.760978
5.570000,0.001655,-0.172187,-0.077449,-2.360505,-0.025583,2.132858,0.760971
5.580000,0.001653,-0.172185,-0.077450,-2.360507,-0.025583,2.132857,0.760980
5.590000,0.001655,-0.172183,-0.077445,-2.360501,-0.025582,2.132859,0.760976
5.600000,0.001653,-0.172183,-0.077447,-2.360503,-0.025582,2.132858,0.760980
5.610000,0.001651,-0.172187,-0.077444,-2.360505,-0.025583,2.132858,0.760978
5.620000,0.001655,-0.172185,-0.077443,-2.360505,-0.025581,2.132857,0.760978
5.630000,0.001657,-0.172187,-0.077445,-2.360505,-0.025583,2.132859,0.760977
5.640000,0.001655,-0.172183,-0.077443,-2.360505,-0.025582,2.132858,0.760975
5.650000,0.001657,-0.172189,-0.077441,-2.360507,-0.025582,2.132857,0.760976
5.660000,0.001662,-0.172182,-0.077439,-2.360503,-0.025583,2.132858,0.760980
5.670000,0.001658,-0.172183,-0.077441,-2.360505,-0.025583,2.132857,0.760980
5.680000,0.001658,-0.172185,-0.077443,-2.360508,-0.025583,2.132858,0.760976
5.690000,0.001660,-0.172182,-0.077441,-2.360507,-0.025583,2.132857,0.760978
5.700000,0.001663,-0.172185,-0.077439,-2.360505,-0.025583,2.132857,0.760977
5.710000,0.001661,-0.172187,-0.077438,-2.360503,-0.025582,2.132857,0.760978
5.720000,0.001658,-0.172187,-0.077434,-2.360505,-0.025583,2.132859,0.760978
5.730000,0.001661,-0.172185,-0.077439,-2.360508,-0.025583,2.132859,0.760974
5.740000,0.001659,-0.172187,-0.077443,-2.360503,-0.025582,2.132860,0.760980
5.750000,0.001659,-0.172186,-0.077439,-2.360505,-0.025583,2.132857,0.760981
5.760000,0.001656,-0.172187,-0.077445,-2.360508,-0.025583,2.132859,0.760980
5.770000,0.001653,-0.172187,-0.077453,-2.360503,-0.025583,2.132860,0.760976
5.780000,0.001653,-0.172183,-0.077451,-2.360507,-0.025582,2.132859,0.760978
5.790000,0.001653,-0.172185,-0.077453,-2.360507,-0.025583,2.132859,0.760976
5.800000,0.001651,-0.172183,-0.077452,-2.360507,-0.025582,2.132857,0.760973
5.810000,0.001649,-0.172182,-0.077452,-2.360505,-0.025582,2.132858,0.760974
5.820000,0.001649,-0.172183,-0.077449,-2.360507,-0.025583,2.132859,0.760979
5.830000,0.001653,-0.172180,-0.077448,-2.360505,-0.025584,2.132857,0.760974
5.840000,0.001658,-0.172187,-0.077444,-2.360507,-0.025582,2.132858,0.760978
5.850000,0.001662,-0.172185,-0.077439,-2.360507,-0.025583,2.132857,0.760978
5.860000,0.001661,-0.172182,-0.077434,-2.360503,-0.025583,2.132858,0.760980
5.870000,0.001666,-0.172187,-0.077435,-2.360508,-0.025584,2.132857,0.760975
5.880000,0.001667,-0.172183,-0.077436,-2.360510,-0.025583,2.132857,0.760977
5.890000,0.001667,-0.172183,-0.077435,-2.360503,-0.025582,2.132857,0.760976
5.900000,0.001662,-0.172183,-0.077440,-2.360503,-0.025582,2.132857,0.760975
5.910000,0.001663,-0.172183,-0.077436,-2.360505,-0.025583,2.132858,0.760973
5.920000,0.001661,-0.172185,-0.077440,-2.360510,-0.025583,2.132857,0.760978
5.930000,0.001659,-0.172182,-0.077444,-2.360508,-0.025583,2.132858,0.760974
5.940000,0.001652,-0.172183,-0.077448,-2.360507,-0.025583,2.132858,0.760977
5.950000,0.001653,-0.172185,-0.077449,-2.360507,-0.025584,2.132859,0.760979
5.960000,0.001655,-0.172187,-0.077452,-2.360507,-0.025583,2.132857,0.760976
5.970000,0.001649,-0.172182,-0.077452,-2.360503,-0.025582,2.132857,0.760974
5.980000,0.001657,-0.172187,-0.077451,-2.360507,-0.025583,2.132858,0.760975
5.990000,0.001653,-0.172183,-0.077448,-2.360503,-0.025582,2.132857,0.760978
6.000000,0.001653,-0.172185,-0.077446,-2.360505,-0.025582,2.132858,0.760978
6.010000,0.001658,-0.172183,-0.077444,-2.360505,-0.025583,2.132857,0.760974
6.020000,0.001662,-0.172185,-0.077441,-2.360508,-0.025583,2.132858,0.760974
6.030000,0.001664,-0.172185,-0.077438,-2.360508,-0.025583,2.132857,0.760978
6.040000,0.001660,-0.172185,-0.077437,-2.360505,-0.025583,2.132858,0.760978
6.050000,0.001661,-0.172185,-0.077436,-2.360510,-0.025583,2.132858,0.760972
6.060000,0.001663,-0.172184,-0.077435,-2.360503,-0.025583,2.132859,0.760977
6.070000,0.001661,-0.172185,-0.077436,-2.360505,-0.025583,2.132858,0.760981
6.080000,0.001660,-0.172183,-0.077441,-2.360508,-0.025583,2.132857,0.760978
6.090000,0.001657,-0.172187,-0.077441,-2.360505,-0.025582,2.132857,0.760976
6.100000,0.001657,-0.172187,-0.077441,-2.360501,-0.025583,2.132858,0.760980
6.110000,0.001660,-0.172182,-0.077443,-2.360507,-0.025582,2.132857,0.760979
6.120000,0.001655,-0.172182,-0.077441,-2.360507,-0.025582,2.132858,0.760976
6.130000,0.001651,-0.172185,-0.077445,-2.360501,-0.025584,2.132858,0.760974
6.140000,0.001653,-0.172183,-0.077445,-2.360507,-0.025583,2.132858,0.760975
6.150000,0.001655,-0.172182,-0.077447,-2.360510,-0.025584,2.132858,0.760978
6.160000,0.001653,-0.172185,-0.077447,-2.360505,-0.025583,2.132857,0.760976
6.170000,0.001657,-0.172189,-0.077447,-2.360505,-0.025582,2.132859,0.760975
6.180000,0.001653,-0.172189,-0.077445,-2.360507,-0.025582,2.132859,0.760980
6.190000,0.001653,-0.172186,-0.077445,-2.360503,-0.025584,2.132857,0.760974
6.200000,0.001653,-0.172189,-0.077443,-2.360507,-0.025583,2.132858,0.760969
6.210000,0.001655,-0.172185,-0.077441,-2.360503,-0.025582,2.132857,0.760978
6.220000,0.001660,-0.172182,-0.077439,-2.360507,-0.025583,2.132858,0.760976
6.230000,0.001662,-0.172183,-0.077441,-2.360508,-0.025583,2.132860,0.760975
6.240000,0.001660,-0.172185,-0.077441,-2.360505,-0.025583,2.132857,0.760976
6.250000,0.001660,-0.172183,-0.077439,-2.360507,-0.025583,2.132858,0.760977
6.260000,0.001665,-0.172187,-0.077441,-2.360505,-0.025582,2.132858,0.760979
6.270000,0.001661,-0.172187,-0.077439,-2.360503,-0.025583,2.132857,0.760977
6.280000,0.001662,-0.172185,-0.077439,-2.360505,-0.025585,2.132859,0.760975
6.290000,0.001659,-0.172187,-0.077441,-2.360507,-0.025583,2.132858,0.760975
6.300000,0.001657,-0.172183,-0.077443,-2.360505,-0.025583,2.132858,0.760972
6.310000,0.001655,-0.172187,-0.077441,-2.360508,-0.025583,2.132858,0.760974
6.320000,0.001653,-0.172185,-0.077447,-2.360505,-0.025583,2.132859,0.760977
6.330000,0.001653,-0.172187,-0.077447,-2.360505,-0.025583,2.132859,0.760975
6.340000,0.001651,-0.172183,-0.077453,-2.360508,-0.025583,2.132857,0.760974
6.350000,0.001649,-0.172182,-0.077452,-2.360503,-0.025582,2.132859,0.760980
6.360000,0.001655,-0.172183,-0.077449,-2.360507,-0.025583,2.132857,0.760975
6.370000,0.001655,-0.172182,-0.077447,-2.360507,-0.025582,2.132857,0.760976
6.380000,0.001657,-0.172183,-0.077443,-2.360507,-0.025582,2.132859,0.760980
6.390000,0.001655,-0.172187,-0.077442,-2.360503,-0.025583,2.132858,0.760978
6.400000,0.001655,-0.172186,-0.077441,-2.360507,-0.025582,2.132858,0.760976
6.410000,0.001660,-0.172187,-0.077441,-2.360508,-0.025584,2.132859,0.760976
6.420000,0.001663,-0.172182,-0.077443,-2.360503,-0.025582,2.132859,0.760977
6.430000,0.001665,-0.172183,-0.077439,-2.360507,-0.025582,2.132859,0.760978
6.440000,0.001664,-0.172183,-0.077439,-2.360507,-0.025583,2.132857,0.760975
6.450000,0.001665,-0.172183,-0.077435,-2.360507,-0.025582,2.132858,0.760978
6.460000,0.001662,-0.172185,-0.077438,-2.360507,-0.025583,2.132857,0.760979
6.470000,0.001663,-0.172183,-0.077436,-2.360503,-0.025582,2.132857,0.760973
6.480000,0.001662,-0.172185,-0.077440,-2.360501,-0.025583,2.132858,0.760977
6.490000,0.001663,-0.172185,-0.077439,-2.360501,-0.025583,2.132857,0.760980
6.500000,0.001657,-0.172186,-0.077445,-2.360507,-0.025583,2.132858,0.760978
6.510000,0.001657,-0.172189,-0.077443,-2.360508,-0.025583,2.132857,0.760975
6.520000,0.001655,-0.172183,-0.077447,-2.360505,-0.025583,2.132858,0.760980
6.530000,0.001655,-0.172182,-0.077443,-2.360507,-0.025583,2.132857,0.760977
6.540000,0.001651,-0.172183,-0.077448,-2.360503,-0.025583,2.132859,0.760974
6.550000,0.001649,-0.172183,-0.077447,-2.360507,-0.025582,2.132857,0.760980
6.560000,0.001649,-0.172182,-0.077448,-2.360507,-0.025582,2.132857,0.760977
6.570000,0.001651,-0.172185,-0.077455,-2.360507,-0.025583,2.132857,0.760972
6.580000,0.001657,-0.172183,-0.077445,-2.360507,-0.025583,2.132858,0.760978
6.590000,0.001658,-0.172185,-0.077438,-2.360507,-0.025583,2.132858,0.760972
6.600000,0.001655,-0.172185,-0.077443,-2.360505,-0.025583,2.132858,0.760977
6.610000,0.001657,-0.172184,-0.077441,-2.360507,-0.025582,2.132858,0.760980
6.620000,0.001665,-0.172185,-0.077438,-2.360508,-0.025583,2.132859,0.760975
6.630000,0.001663,-0.172185,-0.077432,-2.360507,-0.025582,2.132857,0.760974
6.640000,0.001661,-0.172187,-0.077433,-2.360503,-0.025582,2.132858,0.760972
6.650000,0.001665,-0.172185,-0.077438,-2.360507,-0.025582,2.132858,0.760973
6.660000,0.001663,-0.172187,-0.077444,-2.360503,-0.025582,2.132858,0.760974
6.670000,0.001659,-0.172182,-0.077442,-2.360508,-0.025583,2.132857,0.760973
6.680000,0.001661,-0.172185,-0.077443,-2.360507,-0.025583,2.132857,0.760974
6.690000,0.001659,-0.172183,-0.077445,-2.360505,-0.025582,2.132857,0.760977
6.700000,0.001651,-0.172187,-0.077450,-2.360505,-0.025583,2.132859,0.760975
6.710000,0.001655,-0.172185,-0.077447,-2.360505,-0.025583,2.132856,0.760974
6.720000,0.001653,-0.172182,-0.077447,-2.360505,-0.025583,2.132859,0.760978
6.730000,0.001649,-0.172185,-0.077451,-2.360507,-0.025583,2.132857,0.760976
6.740000,0.001655,-0.172185,-0.077448,-2.360507,-0.025582,2.132857,0.760978
6.750000,0.001653,-0.172185,-0.077449,-2.360507,-0.025582,2.132859,0.760976
6.760000,0.001660,-0.172185,-0.077443,-2.360505,-0.025583,2.132859,0.760975
6.770000,0.001658,-0.172183,-0.077443,-2.360501,-0.025582,2.132860,0.760980
6.780000,0.001658,-0.172183,-0.077439,-2.360505,-0.025583,2.132857,0.760980
6.790000,0.001661,-0.172187,-0.077438,-2.360503,-0.025582,2.132858,0.760973
6.800000,0.001664,-0.172183,-0.077436,-2.360508,-0.025584,2.132857,0.760978
6.810000,0.001662,-0.172187,-0.077437,-2.360505,-0.025583,2.132858,0.760979
6.820000,0.001661,-0.172185,-0.077439,-2.360503,-0.025583,2.132858,0.760979
6.830000,0.001662,-0.172185,-0.077441,-2.360505,-0.025583,2.132857,0.760976
6.840000,0.001657,-0.172183,-0.077441,-2.360503,-0.025582,2.132857,0.760973
6.850000,0.001658,-0.172183,-0.077445,-2.360507,-0.025584,2.132859,0.760975
6.860000,0.001653,-0.172183,-0.077447,-2.360507,-0.025583,2.132859,0.760980
6.870000,0.001651,-0.172183,-0.077447,-2.360505,-0.025583,2.132857,0.760981
6.880000,0.001655,-0.172185,-0.077448,-2.360503,-0.025583,2.132858,0.760977
6.890000,0.001655,-0.172183,-0.077445,-2.360508,-0.025583,2.132857,0.760974
6.900000,0.001657,-0.172182,-0.077443,-2.360505,-0.025584,2.132857,0.760979
6.910000,0.001655,-0.172185,-0.077443,-2.360508,-0.025584,2.132858,0.760977
6.920000,0.001655,-0.172185,-0.077443,-2.360505,-0.025583,2.132857,0.760975
6.930000,0.001657,-0.172189,-0.077439,-2.360501,-0.025583,2.132857,0.760974
6.940000,0.001658,-0.172185,-0.077441,-2.360507,-0.025583,2.132858,0.760979
6.950000,0.001657,-0.172183,-0.077441,-2.360505,-0.025584,2.132857,0.760978
6.960000,0.001658,-0.172189,-0.077445,-2.360507,-0.025583,2.132857,0.760974
6.970000,0.001655,-0.172183,-0.077445,-2.360505,-0.025582,2.132858,0.760975
6.980000,0.001657,-0.172183,-0.077445,-2.360505,-0.025583,2.132859,0.760978
6.990000,0.001657,-0.172183,-0.077445,-2.360508,-0.025583,2.132858,0.760972
7.000000,0.001655,-0.172180,-0.077443,-2.360501,-0.025583,2.132857,0.760975
7.010000,0.001657,-0.172182,-0.077443,-2.360507,-0.025581,2.132858,0.760979
7.020000,0.001658,-0.172182,-0.077443,-2.360510,-0.025582,2.132857,0.760975
7.030000,0.001659,-0.172187,-0.077443,-2.360510,-0.025582,2.132858,0.760978
7.040000,0.001658,-0.172183,-0.077441,-2.360503,-0.025582,2.132859,0.760980
7.050000,0.001660,-0.172182,-0.077441,-2.360508,-0.025582,2.132858,0.760975
7.060000,0.001663,-0.172185,-0.077443,-2.360507,-0.025584,2.132858,0.760981
7.070000,0.001658,-0.172187,-0.077441,-2.360505,-0.025583,2.132858,0.760972
7.080000,0.001655,-0.172183,-0.077441,-2.360503,-0.025583,2.132858,0.760978
7.090000,0.001655,-0.172183,-0.077445,-2.360507,-0.025583,2.132858,0.760973
7.100000,0.001657,-0.172185,-0.077443,-2.360505,-0.025582,2.132859,0.760976
7.110000,0.001655,-0.172183,-0.077445,-2.360503,-0.025582,2.132859,0.760981
7.120000,0.001657,-0.172182,-0.077445,-2.360510,-0.025583,2.132860,0.760980
7.130000,0.001653,-0.172182,-0.077449,-2.360508,-0.025583,2.132857,0.760982
7.140000,0.001653,-0.172189,-0.077447,-2.360507,-0.025585,2.132857,0.760972
7.150000,0.001651,-0.172183,-0.077445,-2.360507,-0.025582,2.132857,0.760975
7.160000,0.001657,-0.172185,-0.077443,-2.360508,-0.025582,2.132857,0.760976
7.170000,0.001655,-0.172187,-0.077438,-2.360505,-0.025583,2.132859,0.760972
7.180000,0.001660,-0.172187,-0.077441,-2.360507,-0.025582,2.132858,0.760980
7.190000,0.001660,-0.172187,-0.077439,-2.360507,-0.025582,2.132858,0.760977
7.200000,0.001667,-0.172183,-0.077436,-2.360508,-0.025583,2.132859,0.760978
7.210000,0.001663,-0.172180,-0.077439,-2.360508,-0.025583,2.132857,0.760977
7.220000,0.001661,-0.172187,-0.077439,-2.360505,-0.025583,2.132858,0.760976
7.230000,0.001659,-0.172186,-0.077441,-2.360507,-0.025583,2.132858,0.760974
7.240000,0.001653,-0.172183,-0.077445,-2.360508,-0.025583,2.132859,0.760975
7.250000,0.001655,-0.172180,-0.077441,-2.360508,-0.025583,2.132857,0.760980
7.260000,0.001655,-0.172182,-0.077445,-2.360505,-0.025583,2.132860,0.760977
7.270000,0.001653,-0.172182,-0.077449,-2.360505,-0.025583,2.132857,0.760976
7.280000,0.001651,-0.172183,-0.077449,-2.360508,-0.025582,2.132858,0.760975
7.290000,0.001657,-0.172185,-0.077443,-2.360505,-0.025583,2.132858,0.760979
7.300000,0.001657,-0.172185,-0.077445,-2.360503,-0.025583,2.132857,0.760980
7.310000,0.001657,-0.172185,-0.077441,-2.360505,-0.025583,2.132857,0.760974
7.320000,0.001658,-0.172183,-0.077441,-2.360505,-0.025583,2.132857,0.760970
7.330000,0.001660,-0.172183,-0.077441,-2.360507,-0.025584,2.132858,0.760978
7.340000,0.001660,-0.172185,-0.077438,-2.360508,-0.025582,2.132857,0.760978
7.350000,0.001663,-0.172187,-0.077437,-2.360505,-0.025583,2.132858,0.760974
7.360000,0.001661,-0.172185,-0.077439,-2.360508,-0.025583,2.132859,0.760975
7.370000,0.001660,-0.172183,-0.077441,-2.360508,-0.025582,2.132858,0.760979
7.380000,0.001660,-0.172183,-0.077443,-2.360507,-0.025582,2.132857,0.760976
7.390000,0.001655,-0.172187,-0.077443,-2.360505,-0.025582,2.132857,0.760981
7.400000,0.001653,-0.172187,-0.077447,-2.360503,-0.025581,2.132857,0.760979
7.410000,0.001655,-0.172183,-0.077447,-2.360508,-0.025582,2.132858,0.760980
7.420000,0.001658,-0.172185,-0.077448,-2.360507,-0.025583,2.132858,0.760978
7.430000,0.001655,-0.172185,-0.077447,-2.360508,-0.025583,2.132857,0.760981
7.440000,0.001653,-0.172183,-0.077445,-2.360507,-0.025583,2.132858,0.760975
7.450000,0.001655,-0.172180,-0.077451,-2.360503,-0.025583,2.132860,0.760974
7.460000,0.001655,-0.172180,-0.077447,-2.360503,-0.025583,2.132859,0.760976
7.470000,0.001655,-0.172183,-0.077445,-2.360505,-0.025582,2.132857,0.760977
7.480000,0.001658,-0.172180,-0.077441,-2.360507,-0.025583,2.132859,0.760980
7.490000,0.001657,-0.172182,-0.077441,-2.360505,-0.025582,2.132858,0.760978
7.500000,0.001658,-0.172182,-0.077438,-2.360507,-0.025584,2.132859,0.760980
7.510000,0.001665,-0.172183,-0.077439,-2.360507,-0.025583,2.132860,0.760977
7.520000,0.001663,-0.172185,-0.077436,-2.360507,-0.025583,2.132857,0.760979
7.530000,0.001663,-0.172183,-0.077442,-2.360507,-0.025582,2.132857,0.760975
7.540000,0.001659,-0.172187,-0.077441,-2.360507,-0.025583,2.132860,0.760979
7.550000,0.001657,-0.172182,-0.077443,-2.360505,-0.025584,2.132858,0.760972
7.560000,0.001653,-0.172183,-0.077445,-2.360505,-0.025583,2.132857,0.760976
7.570000,0.001655,-0.172183,-0.077443,-2.360508,-0.025583,2.132860,0.760976
7.580000,0.001655,-0.172180,-0.077439,-2.360508,-0.025583,2.132858,0.760980
7.590000,0.001655,-0.172183,-0.077445,-2.360505,-0.025582,2.132859,0.760975
7.600000,0.001658,-0.172185,-0.077444,-2.360508,-0.025583,2.132858,0.760972
7.610000,0.001653,-0.172182,-0.077445,-2.360507,-0.025583,2.132858,0.760980
7.620000,0.001653,-0.172185,-0.077447,-2.360505,-0.025583,2.132857,0.760975
7.630000,0.001657,-0.172188,-0.077445,-2.360505,-0.025583,2.132858,0.760980
7.640000,0.001657,-0.172183,-0.077445,-2.360505,-0.025583,2.132858,0.760979
7.650000,0.001655,-0.172185,-0.077443,-2.360507,-0.025583,2.132859,0.760976
7.660000,0.001653,-0.172187,-0.077443,-2.360507,-0.025582,2.132860,0.760972
7.670000,0.001655,-0.172187,-0.077441,-2.360505,-0.025583,2.132860,0.760975
7.680000,0.001655,-0.172180,-0.077443,-2.360508,-0.025583,2.132857,0.760976
7.690000,0.001658,-0.172183,-0.077439,-2.360505,-0.025584,2.132859,0.760977
7.700000,0.001660,-0.172185,-0.077441,-2.360505,-0.025582,2.132857,0.760979
7.710000,0.001661,-0.172183,-0.077439,-2.360508,-0.025583,2.132857,0.760976
7.720000,0.001658,-0.172180,-0.077441,-2.360507,-0.025583,2.132859,0.760980
7.730000,0.001658,-0.172183,-0.077441,-2.360503,-0.025583,2.132859,0.760978
7.740000,0.001658,-0.172183,-0.077443,-2.360507,-0.025586,2.132858,0.760977
7.750000,0.001659,-0.172183,-0.077441,-2.360505,-0.025582,2.132857,0.760978
7.760000,0.001657,-0.172183,-0.077441,-2.360507,-0.025583,2.132858,0.760976
7.770000,0.001657,-0.172182,-0.077447,-2.360507,-0.025582,2.132857,0.760977
7.780000,0.001653,-0.172183,-0.077447,-2.360507,-0.025584,2.132858,0.760973
7.790000,0.001651,-0.172185,-0.077445,-2.360507,-0.025582,2.132857,0.760979
7.800000,0.001653,-0.172183,-0.077448,-2.360507,-0.025583,2.132857,0.760980
7.810000,0.001653,-0.172183,-0.077448,-2.360508,-0.025583,2.132857,0.760982
7.820000,0.001655,-0.172185,-0.077451,-2.360508,-0.025583,2.132856,0.760981
7.830000,0.001655,-0.172183,-0.077447,-2.360507,-0.025583,2.132857,0.760975
7.840000,0.001657,-0.172187,-0.077439,-2.360507,-0.025582,2.132857,0.760975
7.850000,0.001655,-0.172183,-0.077443,-2.360503,-0.025582,2.132858,0.760979
7.860000,0.001658,-0.172187,-0.077445,-2.360505,-0.025583,2.132857,0.760980
7.870000,0.001660,-0.172185,-0.077439,-2.360507,-0.025582,2.132858,0.760975
7.880000,0.001660,-0.172187,-0.077438,-2.360507,-0.025583,2.132860,0.760976
7.890000,0.001661,-0.172185,-0.077438,-2.360508,-0.025583,2.132857,0.760976
7.900000,0.001659,-0.172183,-0.077437,-2.360503,-0.025584,2.132857,0.760982
7.910000,0.001661,-0.172185,-0.077439,-2.360507,-0.025582,2.132856,0.760978
7.920000,0.001658,-0.172182,-0.077443,-2.360505,-0.025583,2.132858,0.760978
7.930000,0.001657,-0.172182,-0.077443,-2.360507,-0.025583,2.132859,0.760976
7.940000,0.001657,-0.172183,-0.077445,-2.360507,-0.025583,2.132858,0.760980
7.950000,0.001657,-0.172185,-0.077445,-2.360503,-0.025584,2.132860,0.760981
7.960000,0.001658,-0.172183,-0.077448,-2.360507,-0.025582,2.132859,0.760980
7.970000,0.001655,-0.172183,-0.077447,-2.360503,-0.025583,2.132859,0.760973
7.980000,0.001658,-0.172187,-0.077445,-2.360507,-0.025583,2.132859,0.760975
7.990000,0.001651,-0.172182,-0.077451,-2.360503,-0.025583,2.132857,0.760975
8.000000,0.001651,-0.172182,-0.077447,-2.360505,-0.025582,2.132859,0.760980
8.010000,0.001657,-0.172183,-0.077443,-2.360505,-0.025583,2.132857,0.760976
8.020000,0.001660,-0.172183,-0.077447,-2.360508,-0.025582,2.132857,0.760978
8.030000,0.001655,-0.172187,-0.077443,-2.360505,-0.025583,2.132858,0.760976
8.040000,0.001660,-0.172183,-0.077441,-2.360505,-0.025583,2.132859,0.760975
8.050000,0.001662,-0.172189,-0.077438,-2.360503,-0.025583,2.132858,0.760978
8.060000,0.001659,-0.172187,-0.077441,-2.360507,-0.025583,2.132857,0.760978
8.070000,0.001661,-0.172185,-0.077441,-2.360507,-0.025583,2.132857,0.760978
8.080000,0.001662,-0.172183,-0.077441,-2.360507,-0.025583,2.132858,0.760977
8.090000,0.001664,-0.172187,-0.077441,-2.360507,-0.025582,2.132859,0.760979
8.100000,0.001655,-0.172183,-0.077446,-2.360508,-0.025584,2.132858,0.760975
8.110000,0.001657,-0.172183,-0.077448,-2.360505,-0.025583,2.132858,0.760977
8.120000,0.001653,-0.172183,-0.077447,-2.360504,-0.025583,2.132857,0.760978
8.130000,0.001651,-0.172187,-0.077447,-2.360505,-0.025583,2.132857,0.760980
8.140000,0.001658,-0.172183,-0.077447,-2.360503,-0.025583,2.132857,0.760975
8.150000,0.001657,-0.172185,-0.077445,-2.360505,-0.025582,2.132858,0.760978
8.160000,0.001660,-0.172183,-0.077447,-2.360507,-0.025582,2.132857,0.760979
8.170000,0.001658,-0.172185,-0.077441,-2.360507,-0.025582,2.132858,0.760977
8.180000,0.001655,-0.172184,-0.077441,-2.360508,-0.025583,2.132859,0.760977
8.190000,0.001658,-0.172187,-0.077441,-2.360505,-0.025584,2.132857,0.760978
8.200000,0.001657,-0.172183,-0.077441,-2.360505,-0.025583,2.132858,0.760974
8.210000,0.001658,-0.172185,-0.077441,-2.360508,-0.025583,2.132857,0.760977
8.220000,0.001658,-0.172185,-0.077439,-2.360505,-0.025583,2.132859,0.760980
8.230000,0.001658,-0.172183,-0.077441,-2.360505,-0.025582,2.132859,0.760974
8.240000,0.001655,-0.172185,-0.077439,-2.360507,-0.025583,2.132859,0.760978
8.250000,0.001658,-0.172185,-0.077443,-2.360510,-0.025582,2.132859,0.760975
8.260000,0.001659,-0.172183,-0.077441,-2.360508,-0.025583,2.132860,0.760977
8.270000,0.001657,-0.172187,-0.077445,-2.360507,-0.025583,2.132858,0.760980
8.280000,0.001655,-0.172185,-0.077445,-2.360510,-0.025583,2.132858,0.760976
8.290000,0.001657,-0.172185,-0.077445,-2.360507,-0.025582,2.132857,0.760980
8.300000,0.001655,-0.172185,-0.077447,-2.360503,-0.025583,2.132857,0.760978
8.310000,0.001658,-0.172185,-0.077443,-2.360503,-0.025583,2.132858,0.760975
8.320000,0.001657,-0.172185,-0.077443,-2.360503,-0.025583,2.132857,0.760982
8.330000,0.001658,-0.172185,-0.077443,-2.360505,-0.025583,2.132859,0.760977
8.340000,0.001657,-0.172182,-0.077441,-2.360503,-0.025583,2.132860,0.760980
8.350000,0.001658,-0.172185,-0.077441,-2.360508,-0.025583,2.132857,0.760981
8.360000,0.001657,-0.172182,-0.077439,-2.360503,-0.025582,2.132860,0.760974
8.370000,0.001657,-0.172183,-0.077445,-2.360508,-0.025583,2.132858,0.760974
8.380000,0.001655,-0.172183,-0.077445,-2.360508,-0.025583,2.132859,0.760978
8.390000,0.001657,-0.172183,-0.077443,-2.360507,-0.025582,2.132858,0.760975
8.400000,0.001655,-0.172180,-0.077441,-2.360507,-0.025582,2.132858,0.760978
8.410000,0.001655,-0.172183,-0.077443,-2.360505,-0.025583,2.132857,0.760980
8.420000,0.001657,-0.172187,-0.077443,-2.360508,-0.025582,2.132859,0.760977
8.430000,0.001657,-0.172187,-0.077438,-2.360505,-0.025583,2.132857,0.760978
8.440000,0.001660,-0.172185,-0.077439,-2.360503,-0.025582,2.132857,0.760973
8.450000,0.001657,-0.172189,-0.077441,-2.360503,-0.025583,2.132859,0.760978
8.460000,0.001660,-0.172185,-0.077441,-2.360507,-0.025584,2.132859,0.760975
8.470000,0.001660,-0.172185,-0.077441,-2.360507,-0.025583,2.132858,0.760980
8.480000,0.001659,-0.172185,-0.077443,-2.360505,-0.025583,2.132858,0.760977
8.490000,0.001655,-0.172185,-0.077445,-2.360503,-0.025583,2.132859,0.760978
8.500000,0.001657,-0.172182,-0.077443,-2.360508,-0.025583,2.132857,0.760979
8.510000,0.001655,-0.172183,-0.077447,-2.360501,-0.025582,2.132859,0.760981
8.520000,0.001651,-0.172183,-0.077447,-2.360505,-0.025584,2.132858,0.760975
8.530000,0.001655,-0.172185,-0.077443,-2.360507,-0.025583,2.132857,0.760978
8.540000,0.001653,-0.172186,-0.077447,-2.360507,-0.025582,2.132855,0.760976
8.550000,0.001653,-0.172189,-0.077445,-2.360507,-0.025583,2.132857,0.760978
8.560000,0.001655,-0.172185,-0.077445,-2.360505,-0.025587,2.132857,0.760975
8.570000,0.001653,-0.172183,-0.077443,-2.360508,-0.025583,2.132857,0.760975
8.580000,0.001657,-0.172183,-0.077443,-2.360507,-0.025582,2.132857,0.760977
8.590000,0.001658,-0.172183,-0.077441,-2.360510,-0.025583,2.132858,0.760977
8.600000,0.001660,-0.172185,-0.077439,-2.360505,-0.025583,2.132860,0.760975
8.610000,0.001658,-0.172185,-0.077439,-2.360503,-0.025582,2.132859,0.760972
8.620000,0.001659,-0.172182,-0.077439,-2.360507,-0.025583,2.132857,0.760976
8.630000,0.001659,-0.172182,-0.077441,-2.360505,-0.025581,2.132857,0.760977
8.640000,0.001660,-0.172182,-0.077439,-2.360505,-0.025582,2.132857,0.760975
8.650000,0.001658,-0.172183,-0.077441,-2.360505,-0.025583,2.132858,0.760977
8.660000,0.001658,-0.172183,-0.077443,-2.360505,-0.025583,2.132858,0.760979
8.670000,0.001660,-0.172183,-0.077443,-2.360507,-0.025584,2.132858,0.760978
8.680000,0.001657,-0.172185,-0.077441,-2.360503,-0.025582,2.132858,0.760978
8.690000,0.001658,-0.172189,-0.077441,-2.360508,-0.025583,2.132858,0.760975
8.700000,0.001655,-0.172185,-0.077445,-2.360507,-0.025582,2.132858,0.760975
8.710000,0.001655,-0.172183,-0.077441,-2.360507,-0.025582,2.132857,0.760976
8.720000,0.001653,-0.172185,-0.077447,-2.360508,-0.025584,2.132858,0.760975
8.730000,0.001653,-0.172187,-0.077445,-2.360505,-0.025583,2.132860,0.760980
8.740000,0.001653,-0.172187,-0.077447,-2.360505,-0.025582,2.132857,0.760975
8.750000,0.001655,-0.172185,-0.077445,-2.360507,-0.025582,2.132858,0.760976
8.760000,0.001655,-0.172187,-0.077445,-2.360505,-0.025583,2.132857,0.760980
8.770000,0.001658,-0.172183,-0.077441,-2.360507,-0.025583,2.132857,0.760975
8.780000,0.001660,-0.172183,-0.077441,-2.360508,-0.025583,2.132859,0.760978
8.790000,0.001657,-0.172183,-0.077438,-2.360505,-0.025583,2.132859,0.760972
8.800000,0.001658,-0.172183,-0.077441,-2.360503,-0.025582,2.132859,0.760980
8.810000,0.001660,-0.172182,-0.077441,-2.360507,-0.025583,2.132858,0.760975
8.820000,0.001659,-0.172183,-0.077439,-2.360508,-0.025583,2.132857,0.760975
8.830000,0.001658,-0.172183,-0.077445,-2.360503,-0.025583,2.132857,0.760974
8.840000,0.001658,-0.172183,-0.077442,-2.360505,-0.025584,2.132858,0.760977
8.850000,0.001658,-0.172183,-0.077443,-2.360507,-0.025583,2.132858,0.760974
8.860000,0.001657,-0.172185,-0.077439,-2.360505,-0.025583,2.132857,0.760975
8.870000,0.001660,-0.172183,-0.077443,-2.360505,-0.025583,2.132857,0.760979
8.880000,0.001658,-0.172185,-0.077441,-2.360507,-0.025582,2.132859,0.760978
8.890000,0.001657,-0.172185,-0.077441,-2.360507,-0.025584,2.132857,0.760973
8.900000,0.001657,-0.172183,-0.077447,-2.360503,-0.025583,2.132857,0.760978
8.910000,0.001655,-0.172183,-0.077439,-2.360507,-0.025581,2.132857,0.760977
8.920000,0.001651,-0.172185,-0.077445,-2.360507,-0.025582,2.132858,0.760974
8.930000,0.001655,-0.172185,-0.077447,-2.360507,-0.025582,2.132859,0.760979
8.940000,0.001651,-0.172182,-0.077447,-2.360505,-0.025583,2.132860,0.760978
8.950000,0.001653,-0.172183,-0.077447,-2.360507,-0.025582,2.132858,0.760976
8.960000,0.001657,-0.172185,-0.077447,-2.360507,-0.025583,2.132859,0.760980
8.970000,0.001655,-0.172182,-0.077447,-2.360505,-0.025583,2.132858,0.760979
8.980000,0.001655,-0.172180,-0.077445,-2.360507,-0.025583,2.132858,0.760979
8.990000,0.001657,-0.172183,-0.077441,-2.360508,-0.025583,2.132859,0.760980
9.000000,0.001662,-0.172187,-0.077438,-2.360508,-0.025583,2.132858,0.760977
9.010000,0.001662,-0.172183,-0.077438,-2.360505,-0.025583,2.132859,0.760980
9.020000,0.001663,-0.172185,-0.077438,-2.360507,-0.025583,2.132858,0.760973
9.030000,0.001663,-0.172185,-0.077435,-2.360507,-0.025583,2.132857,0.760975
9.040000,0.001664,-0.172183,-0.077439,-2.360507,-0.025583,2.132858,0.760974
9.050000,0.001662,-0.172182,-0.077444,-2.360507,-0.025583,2.132860,0.760980
9.060000,0.001660,-0.172183,-0.077443,-2.360510,-0.025583,2.132858,0.760981
9.070000,0.001657,-0.172185,-0.077445,-2.360507,-0.025583,2.132859,0.760975
9.080000,0.001651,-0.172183,-0.077448,-2.360505,-0.025583,2.132857,0.760978
9.090000,0.001651,-0.172185,-0.077451,-2.360507,-0.025583,2.132859,0.760977
9.100000,0.001649,-0.172188,-0.077453,-2.360505,-0.025583,2.132858,0.760976
9.110000,0.001649,-0.172183,-0.077453,-2.360508,-0.025583,2.132858,0.760978
9.120000,0.001655,-0.172183,-0.077450,-2.360507,-0.025583,2.132857,0.760978
9.130000,0.001653,-0.172185,-0.077449,-2.360508,-0.025583,2.132857,0.760979
9.140000,0.001658,-0.172185,-0.077439,-2.360507,-0.025583,2.132858,0.760978
9.150000,0.001660,-0.172183,-0.077441,-2.360507,-0.025583,2.132856,0.760980
9.160000,0.001660,-0.172187,-0.077439,-2.360507,-0.025584,2.132859,0.760981
9.170000,0.001664,-0.172183,-0.077436,-2.360508,-0.025583,2.132857,0.760979
9.180000,0.001661,-0.172183,-0.077435,-2.360507,-0.025584,2.132858,0.760978
9.190000,0.001665,-0.172183,-0.077437,-2.360507,-0.025583,2.132859,0.760976
9.200000,0.001661,-0.172183,-0.077435,-2.360507,-0.025583,2.132857,0.760979
9.210000,0.001661,-0.172185,-0.077441,-2.360505,-0.025583,2.132859,0.760980
9.220000,0.001655,-0.172182,-0.077443,-2.360505,-0.025582,2.132859,0.760978
9.230000,0.001659,-0.172183,-0.077445,-2.360507,-0.025583,2.132857,0.760974
9.240000,0.001655,-0.172183,-0.077445,-2.360505,-0.025583,2.132857,0.760977
9.250000,0.001658,-0.172182,-0.077443,-2.360508,-0.025583,2.132859,0.760976
9.260000,0.001657,-0.172183,-0.077445,-2.360507,-0.025582,2.132857,0.760980
9.270000,0.001657,-0.172183,-0.077445,-2.360507,-0.025583,2.132857,0.760979
9.280000,0.001657,-0.172187,-0.077445,-2.360503,-0.025583,2.132860,0.760973
9.290000,0.001657,-0.172182,-0.077445,-2.360507,-0.025583,2.132860,0.760973
9.300000,0.001655,-0.172187,-0.077441,-2.360505,-0.025582,2.132857,0.760974
9.310000,0.001658,-0.172182,-0.077443,-2.360505,-0.025582,2.132860,0.760974
9.320000,0.001655,-0.172185,-0.077443,-2.360507,-0.025583,2.132858,0.760979
9.330000,0.001653,-0.172185,-0.077445,-2.360507,-0.025583,2.132858,0.760979
9.340000,0.001658,-0.172183,-0.077443,-2.360507,-0.025583,2.132859,0.760982
9.350000,0.001657,-0.172187,-0.077445,-2.360505,-0.025583,2.132857,0.760972
9.360000,0.001657,-0.172185,-0.077441,-2.360503,-0.025583,2.132858,0.760978
9.370000,0.001655,-0.172183,-0.077443,-2.360510,-0.025583,2.132857,0.760975
9.380000,0.001658,-0.172183,-0.077441,-2.360505,-0.025583,2.132857,0.760973
9.390000,0.001658,-0.172185,-0.077439,-2.360505,-0.025583,2.132858,0.760976
9.400000,0.001660,-0.172182,-0.077441,-2.360505,-0.025582,2.132858,0.760978
9.410000,0.001662,-0.172183,-0.077439,-2.360508,-0.025583,2.132857,0.760979
9.420000,0.001657,-0.172189,-0.077439,-2.360507,-0.025583,2.132858,0.760975
9.430000,0.001659,-0.172187,-0.077443,-2.360505,-0.025582,2.132860,0.760974
9.440000,0.001659,-0.172185,-0.077443,-2.360507,-0.025583,2.132859,0.760978
9.450000,0.001661,-0.172183,-0.077445,-2.360508,-0.025583,2.132857,0.760981
9.460000,0.001657,-0.172183,-0.077445,-2.360505,-0.025583,2.132858,0.760978
9.470000,0.001657,-0.172180,-0.077445,-2.360507,-0.025582,2.132857,0.760978
9.480000,0.001657,-0.172185,-0.077445,-2.360504,-0.025582,2.132857,0.760975
9.490000,0.001653,-0.172183,-0.077448,-2.360507,-0.025583,2.132857,0.760980
9.500000,0.001648,-0.172185,-0.077451,-2.360507,-0.025583,2.132859,0.760975
9.510000,0.001657,-0.172183,-0.077445,-2.360508,-0.025584,2.132856,0.760980
9.520000,0.001651,-0.172183,-0.077445,-2.360505,-0.025582,2.132858,0.760981
9.530000,0.001658,-0.172183,-0.077441,-2.360508,-0.025583,2.132859,0.760977
9.540000,0.001655,-0.172187,-0.077443,-2.360507,-0.025583,2.132858,0.760975
9.550000,0.001658,-0.172185,-0.077443,-2.360505,-0.025583,2.132859,0.760974
9.560000,0.001662,-0.172183,-0.077437,-2.360508,-0.025582,2.132859,0.760975
9.570000,0.001660,-0.172185,-0.077437,-2.360505,-0.025583,2.132857,0.760979
9.580000,0.001661,-0.172185,-0.077437,-2.360507,-0.025583,2.132858,0.760978
9.590000,0.001659,-0.172185,-0.077443,-2.360505,-0.025582,2.132858,0.760976
9.600000,0.001653,-0.172185,-0.077443,-2.360507,-0.025582,2.132858,0.760977
9.610000,0.001655,-0.172183,-0.077443,-2.360508,-0.025582,2.132859,0.760977
9.620000,0.001655,-0.172185,-0.077443,-2.360505,-0.025583,2.132858,0.760981
9.630000,0.001655,-0.172182,-0.077447,-2.360507,-0.025582,2.132857,0.760975
9.640000,0.001651,-0.172185,-0.077447,-2.360507,-0.025581,2.132857,0.760980
9.650000,0.001657,-0.172183,-0.077445,-2.360505,-0.025582,2.132858,0.760973
9.660000,0.001657,-0.172183,-0.077441,-2.360505,-0.025582,2.132857,0.760975
9.670000,0.001658,-0.172180,-0.077443,-2.360507,-0.025582,2.132858,0.760975
9.680000,0.001657,-0.172187,-0.077441,-2.360507,-0.025582,2.132857,0.760974
9.690000,0.001658,-0.172182,-0.077443,-2.360503,-0.025583,2.132858,0.760975
9.700000,0.001653,-0.172185,-0.077443,-2.360507,-0.025582,2.132858,0.760975
9.710000,0.001657,-0.172183,-0.077441,-2.360505,-0.025583,2.132858,0.760980
9.720000,0.001658,-0.172185,-0.077443,-2.360507,-0.025583,2.132858,0.760981
9.730000,0.001657,-0.172185,-0.077443,-2.360505,-0.025582,2.132858,0.760977
9.740000,0.001657,-0.172185,-0.077447,-2.360503,-0.025583,2.132857,0.760975
9.750000,0.001657,-0.172183,-0.077441,-2.360507,-0.025583,2.132857,0.760974
9.760000,0.001653,-0.172183,-0.077441,-2.360505,-0.025582,2.132858,0.760981
9.770000,0.001655,-0.172182,-0.077439,-2.360508,-0.025584,2.132858,0.760979
9.780000,0.001657,-0.172185,-0.077443,-2.360508,-0.025582,2.132858,0.760978
9.790000,0.001658,-0.172183,-0.077441,-2.360510,-0.025583,2.132858,0.760973
9.800000,0.001658,-0.172185,-0.077443,-2.360507,-0.025582,2.132859,0.760980
9.810000,0.001659,-0.172187,-0.077443,-2.360507,-0.025582,2.132857,0.760979
9.820000,0.001657,-0.172185,-0.077443,-2.360507,-0.025583,2.132857,0.760980
9.830000,0.001655,-0.172182,-0.077443,-2.360507,-0.025583,2.132859,0.760977
9.840000,0.001657,-0.172182,-0.077441,-2.360507,-0.025583,2.132857,0.760974
9.850000,0.001655,-0.172185,-0.077445,-2.360507,-0.025583,2.132858,0.760977
9.860000,0.001655,-0.172185,-0.077447,-2.360507,-0.025583,2.132859,0.760978
9.870000,0.001651,-0.172183,-0.077447,-2.360507,-0.025583,2.132859,0.760975
9.880000,0.001655,-0.172183,-0.077447,-2.360508,-0.025583,2.132858,0.760978
9.890000,0.001655,-0.172185,-0.077445,-2.360505,-0.025583,2.132857,0.760975
9.900000,0.001653,-0.172182,-0.077447,-2.360507,-0.025583,2.132857,0.760974
9.910000,0.001660,-0.172183,-0.077441,-2.360508,-0.025583,2.132857,0.760974
9.920000,0.001660,-0.172183,-0.077445,-2.360507,-0.025582,2.132858,0.760975
9.930000,0.001658,-0.172183,-0.077441,-2.360505,-0.025583,2.132858,0.760980
9.940000,0.001660,-0.172187,-0.077436,-2.360508,-0.025583,2.132857,0.760974
9.950000,0.001660,-0.172187,-0.077439,-2.360505,-0.025583,2.132858,0.760980
9.960000,0.001662,-0.172187,-0.077439,-2.360508,-0.025583,2.132859,0.760980
9.970000,0.001659,-0.172183,-0.077441,-2.360503,-0.025582,2.132857,0.760976
9.980000,0.001660,-0.172182,-0.077443,-2.360507,-0.025582,2.132858,0.760975
9.990000,0.001657,-0.172185,-0.077443,-2.360507,-0.025584,2.132857,0.760978
10.000000,0.001653,-0.172185,-0.077449,-2.360508,-0.025583,2.132859,0.760977
